task,topology_family,repeat,drift,feature_group,macro_f1,bal_acc,class_mae,adjacent_acc
boundary,line,0,0.0,Topological,0.9861084314103801,0.9861111111111112,,
boundary,line,0,0.0,Complexity,1.0,1.0,,
boundary,line,0,0.0,Operational,0.9166666666666666,0.9166666666666666,,
boundary,line,0,0.0,All,1.0,1.0,,
boundary,line,0,0.2,Topological,0.9444015444015443,0.9444444444444444,,
boundary,line,0,0.2,Complexity,0.9444015444015443,0.9444444444444444,,
boundary,line,0,0.2,Operational,0.8888030888030888,0.8888888888888888,,
boundary,line,0,0.2,All,0.9861084314103801,0.9861111111111112,,
boundary,line,0,0.4,Topological,0.9444015444015443,0.9444444444444444,,
boundary,line,0,0.4,Complexity,0.8435710053328067,0.8472222222222222,,
boundary,line,0,0.4,Operational,0.7531760435571688,0.7638888888888888,,
boundary,line,0,0.4,All,0.9722007722007722,0.9722222222222222,,
boundary,line,0,0.6,Topological,0.8300550747442959,0.8333333333333333,,
boundary,line,0,0.6,Complexity,0.7205311542390194,0.7361111111111112,,
boundary,line,0,0.6,Operational,0.7037037037037037,0.7222222222222222,,
boundary,line,0,0.6,All,0.8435710053328067,0.8472222222222222,,
boundary,line,0,0.8,Topological,0.7205311542390194,0.7361111111111112,,
boundary,line,0,0.8,Complexity,0.6442534908700321,0.6805555555555556,,
boundary,line,0,0.8,Operational,0.625,0.6666666666666666,,
boundary,line,0,0.8,All,0.6812144212523719,0.7083333333333334,,
boundary,line,0,1.0,Topological,0.6989966555183946,0.7222222222222222,,
boundary,line,0,1.0,Complexity,0.5735906997148497,0.625,,
boundary,line,0,1.0,Operational,0.5313131313131314,0.5972222222222222,,
boundary,line,0,1.0,All,0.5847382431233363,0.6388888888888888,,
boundary,line,1,0.0,Topological,0.9442724458204335,0.9444444444444444,,
boundary,line,1,0.0,Complexity,1.0,1.0,,
boundary,line,1,0.0,Operational,0.8464818763326225,0.8472222222222222,,
boundary,line,1,0.0,All,0.9442724458204335,0.9444444444444444,,
boundary,line,1,0.2,Topological,0.8610038610038611,0.8611111111111112,,
boundary,line,1,0.2,Complexity,0.9018500486854917,0.9027777777777778,,
boundary,line,1,0.2,Operational,0.8469565217391304,0.8472222222222222,,
boundary,line,1,0.2,All,0.9722222222222222,0.9722222222222222,,
boundary,line,1,0.4,Topological,0.8749758826934209,0.875,,
boundary,line,1,0.4,Complexity,0.8133599202392822,0.8194444444444444,,
boundary,line,1,0.4,Operational,0.8165784832451499,0.8194444444444444,,
boundary,line,1,0.4,All,0.9304347826086956,0.9305555555555556,,
boundary,line,1,0.6,Topological,0.789678675754625,0.7916666666666666,,
boundary,line,1,0.6,Complexity,0.7205311542390194,0.7361111111111112,,
boundary,line,1,0.6,Operational,0.7428571428571429,0.75,,
boundary,line,1,0.6,All,0.7846460618145563,0.7916666666666667,,
boundary,line,1,0.8,Topological,0.6785714285714286,0.6944444444444444,,
boundary,line,1,0.8,Complexity,0.674074074074074,0.6944444444444444,,
boundary,line,1,0.8,Operational,0.7037037037037037,0.7222222222222222,,
boundary,line,1,0.8,All,0.7333333333333334,0.75,,
boundary,line,1,1.0,Topological,0.6688963210702341,0.6944444444444444,,
boundary,line,1,1.0,Complexity,0.5823845327604726,0.625,,
boundary,line,1,1.0,Operational,0.7077922077922079,0.7222222222222222,,
boundary,line,1,1.0,All,0.6051765738100461,0.6527777777777778,,
boundary,line,2,0.0,Topological,0.9722007722007722,0.9722222222222222,,
boundary,line,2,0.0,Complexity,0.9861084314103801,0.9861111111111112,,
boundary,line,2,0.0,Operational,0.8469565217391304,0.8472222222222222,,
boundary,line,2,0.0,All,0.9722222222222222,0.9722222222222222,,
boundary,line,2,0.2,Topological,0.9444444444444444,0.9444444444444444,,
boundary,line,2,0.2,Complexity,0.9023066485753053,0.9027777777777778,,
boundary,line,2,0.2,Operational,0.7428571428571429,0.75,,
boundary,line,2,0.2,All,0.9023066485753053,0.9027777777777778,,
boundary,line,2,0.4,Topological,0.9444444444444444,0.9444444444444444,,
boundary,line,2,0.4,Complexity,0.8133599202392822,0.8194444444444444,,
boundary,line,2,0.4,Operational,0.6616956077630234,0.6805555555555556,,
boundary,line,2,0.4,All,0.8447971781305115,0.8472222222222222,,
boundary,line,2,0.6,Topological,0.9444015444015443,0.9444444444444444,,
boundary,line,2,0.6,Complexity,0.7333333333333334,0.75,,
boundary,line,2,0.6,Operational,0.626788306033589,0.6527777777777778,,
boundary,line,2,0.6,All,0.7690457097032879,0.7777777777777778,,
boundary,line,2,0.8,Topological,0.8881118881118881,0.8888888888888888,,
boundary,line,2,0.8,Complexity,0.737012987012987,0.75,,
boundary,line,2,0.8,Operational,0.5527950310559007,0.6111111111111112,,
boundary,line,2,0.8,All,0.7499489274770174,0.7638888888888888,,
boundary,line,2,1.0,Topological,0.7531760435571688,0.7638888888888888,,
boundary,line,2,1.0,Complexity,0.6989966555183946,0.7222222222222222,,
boundary,line,2,1.0,Operational,0.5527950310559007,0.6111111111111112,,
boundary,line,2,1.0,All,0.5847382431233363,0.6388888888888888,,
boundary,line,3,0.0,Topological,0.9442724458204335,0.9444444444444444,,
boundary,line,3,0.0,Complexity,0.9582608695652175,0.9583333333333333,,
boundary,line,3,0.0,Operational,0.8469565217391304,0.8472222222222222,,
boundary,line,3,0.0,All,0.9442724458204335,0.9444444444444444,,
boundary,line,3,0.2,Topological,0.8888888888888888,0.8888888888888888,,
boundary,line,3,0.2,Complexity,0.8885448916408669,0.8888888888888888,,
boundary,line,3,0.2,Operational,0.7913043478260869,0.7916666666666667,,
boundary,line,3,0.2,All,0.9166666666666666,0.9166666666666666,,
boundary,line,3,0.4,Topological,0.8888030888030888,0.8888888888888888,,
boundary,line,3,0.4,Complexity,0.7999999999999999,0.8055555555555556,,
boundary,line,3,0.4,Operational,0.6857142857142857,0.6944444444444444,,
boundary,line,3,0.4,All,0.9164086687306502,0.9166666666666667,,
boundary,line,3,0.6,Topological,0.874782608695652,0.875,,
boundary,line,3,0.6,Complexity,0.6785714285714286,0.6944444444444444,,
boundary,line,3,0.6,Operational,0.6660617059891107,0.6805555555555556,,
boundary,line,3,0.6,All,0.8017309205350118,0.8055555555555556,,
boundary,line,3,0.8,Topological,0.7734067663257277,0.7777777777777777,,
boundary,line,3,0.8,Complexity,0.6444444444444445,0.6666666666666666,,
boundary,line,3,0.8,Operational,0.6535685645549318,0.6666666666666667,,
boundary,line,3,0.8,All,0.6017021276595744,0.6388888888888888,,
boundary,line,3,1.0,Topological,0.6785714285714286,0.6944444444444444,,
boundary,line,3,1.0,Complexity,0.626788306033589,0.6527777777777778,,
boundary,line,3,1.0,Operational,0.6086956521739131,0.6388888888888888,,
boundary,line,3,1.0,All,0.6017021276595744,0.6388888888888888,,
boundary,line,4,0.0,Topological,0.9861084314103801,0.9861111111111112,,
boundary,line,4,0.0,Complexity,0.9722007722007722,0.9722222222222222,,
boundary,line,4,0.0,Operational,0.9444015444015443,0.9444444444444444,,
boundary,line,4,0.0,All,1.0,1.0,,
boundary,line,4,0.2,Topological,0.9583252942311403,0.9583333333333333,,
boundary,line,4,0.2,Complexity,0.8583792289535799,0.8611111111111112,,
boundary,line,4,0.2,Operational,0.8017309205350118,0.8055555555555556,,
boundary,line,4,0.2,All,0.9302190346966467,0.9305555555555556,,
boundary,line,4,0.4,Topological,0.9444015444015443,0.9444444444444444,,
boundary,line,4,0.4,Complexity,0.7499489274770174,0.7638888888888888,,
boundary,line,4,0.4,Operational,0.737012987012987,0.75,,
boundary,line,4,0.4,All,0.8583792289535799,0.8611111111111112,,
boundary,line,4,0.6,Topological,0.9164086687306502,0.9166666666666667,,
boundary,line,4,0.6,Complexity,0.7333333333333334,0.75,,
boundary,line,4,0.6,Operational,0.6629787234042555,0.6944444444444444,,
boundary,line,4,0.6,All,0.7499489274770174,0.7638888888888888,,
boundary,line,4,0.8,Topological,0.7822141560798548,0.7916666666666667,,
boundary,line,4,0.8,Complexity,0.7333333333333334,0.75,,
boundary,line,4,0.8,Operational,0.6051765738100461,0.6527777777777778,,
boundary,line,4,0.8,All,0.6989966555183946,0.7222222222222222,,
boundary,line,4,1.0,Topological,0.7333333333333334,0.75,,
boundary,line,4,1.0,Complexity,0.7205311542390194,0.7361111111111112,,
boundary,line,4,1.0,Operational,0.5636363636363637,0.625,,
boundary,line,4,1.0,All,0.5847382431233363,0.6388888888888888,,
boundary,line,5,0.0,Topological,0.9722007722007722,0.9722222222222222,,
boundary,line,5,0.0,Complexity,1.0,1.0,,
boundary,line,5,0.0,Operational,0.9304347826086956,0.9305555555555556,,
boundary,line,5,0.0,All,1.0,1.0,,
boundary,line,5,0.2,Topological,0.9722007722007722,0.9722222222222222,,
boundary,line,5,0.2,Complexity,0.916083916083916,0.9166666666666667,,
boundary,line,5,0.2,Operational,0.8185694902112812,0.8194444444444444,,
boundary,line,5,0.2,All,0.9722007722007722,0.9722222222222222,,
boundary,line,5,0.4,Topological,0.9722007722007722,0.9722222222222222,,
boundary,line,5,0.4,Complexity,0.8435710053328067,0.8472222222222222,,
boundary,line,5,0.4,Operational,0.7999999999999999,0.8055555555555556,,
boundary,line,5,0.4,All,0.9442724458204335,0.9444444444444444,,
boundary,line,5,0.6,Topological,0.9722007722007722,0.9722222222222222,,
boundary,line,5,0.6,Complexity,0.8133599202392822,0.8194444444444444,,
boundary,line,5,0.6,Operational,0.8133599202392822,0.8194444444444444,,
boundary,line,5,0.6,All,0.8875000000000001,0.8888888888888888,,
boundary,line,5,0.8,Topological,0.83125,0.8333333333333333,,
boundary,line,5,0.8,Complexity,0.737012987012987,0.75,,
boundary,line,5,0.8,Operational,0.7333333333333334,0.75,,
boundary,line,5,0.8,All,0.7979149959903769,0.8055555555555556,,
boundary,line,5,1.0,Topological,0.7559322033898306,0.7638888888888888,,
boundary,line,5,1.0,Complexity,0.7205311542390194,0.7361111111111112,,
boundary,line,5,1.0,Operational,0.6989966555183946,0.7222222222222222,,
boundary,line,5,1.0,All,0.650853889943074,0.6805555555555556,,
boundary,line,6,0.0,Topological,0.916083916083916,0.9166666666666667,,
boundary,line,6,0.0,Complexity,0.9861084314103801,0.9861111111111112,,
boundary,line,6,0.0,Operational,0.8749758826934209,0.875,,
boundary,line,6,0.0,All,0.9442724458204335,0.9444444444444444,,
boundary,line,6,0.2,Topological,0.916083916083916,0.9166666666666667,,
boundary,line,6,0.2,Complexity,0.916083916083916,0.9166666666666667,,
boundary,line,6,0.2,Operational,0.7734067663257277,0.7777777777777777,,
boundary,line,6,0.2,All,0.9444444444444444,0.9444444444444444,,
boundary,line,6,0.4,Topological,0.916083916083916,0.9166666666666667,,
boundary,line,6,0.4,Complexity,0.8133599202392822,0.8194444444444444,,
boundary,line,6,0.4,Operational,0.6785714285714286,0.6944444444444444,,
boundary,line,6,0.4,All,0.9164086687306502,0.9166666666666667,,
boundary,line,6,0.6,Topological,0.9164086687306502,0.9166666666666667,,
boundary,line,6,0.6,Complexity,0.7499489274770174,0.7638888888888888,,
boundary,line,6,0.6,Operational,0.5735906997148497,0.625,,
boundary,line,6,0.6,All,0.8300550747442959,0.8333333333333333,,
boundary,line,6,0.8,Topological,0.8888030888030888,0.8888888888888888,,
boundary,line,6,0.8,Complexity,0.6989966555183946,0.7222222222222222,,
boundary,line,6,0.8,Operational,0.59375,0.6388888888888888,,
boundary,line,6,0.8,All,0.7499489274770174,0.7638888888888888,,
boundary,line,6,1.0,Topological,0.7428571428571429,0.75,,
boundary,line,6,1.0,Complexity,0.6442534908700321,0.6805555555555556,,
boundary,line,6,1.0,Operational,0.4373668008524745,0.5416666666666666,,
boundary,line,6,1.0,All,0.5192263412387751,0.5972222222222222,,
boundary,line,7,0.0,Topological,0.9302190346966467,0.9305555555555556,,
boundary,line,7,0.0,Complexity,0.9304347826086956,0.9305555555555556,,
boundary,line,7,0.0,Operational,0.8606811145510835,0.8611111111111112,,
boundary,line,7,0.0,All,0.9164086687306502,0.9166666666666667,,
boundary,line,7,0.2,Topological,0.9302190346966467,0.9305555555555556,,
boundary,line,7,0.2,Complexity,0.9166023166023166,0.9166666666666666,,
boundary,line,7,0.2,Operational,0.8054054054054054,0.8055555555555556,,
boundary,line,7,0.2,All,0.9026086956521739,0.9027777777777778,,
boundary,line,7,0.4,Topological,0.9302190346966467,0.9305555555555556,,
boundary,line,7,0.4,Complexity,0.83125,0.8333333333333333,,
boundary,line,7,0.4,Operational,0.729804463756666,0.7361111111111112,,
boundary,line,7,0.4,All,0.9026086956521739,0.9027777777777778,,
boundary,line,7,0.6,Topological,0.9302190346966467,0.9305555555555556,,
boundary,line,7,0.6,Complexity,0.804953560371517,0.8055555555555556,,
boundary,line,7,0.6,Operational,0.6660617059891107,0.6805555555555556,,
boundary,line,7,0.6,All,0.8610038610038611,0.8611111111111112,,
boundary,line,7,0.8,Topological,0.8464818763326225,0.8472222222222222,,
boundary,line,7,0.8,Complexity,0.7428571428571429,0.75,,
boundary,line,7,0.8,Operational,0.6616956077630234,0.6805555555555556,,
boundary,line,7,0.8,All,0.7428571428571429,0.75,,
boundary,line,7,1.0,Topological,0.746875,0.75,,
boundary,line,7,1.0,Complexity,0.674074074074074,0.6944444444444444,,
boundary,line,7,1.0,Operational,0.625,0.6666666666666666,,
boundary,line,7,1.0,All,0.7077922077922079,0.7222222222222222,,
boundary,line,8,0.0,Topological,0.9861084314103801,0.9861111111111112,,
boundary,line,8,0.0,Complexity,1.0,1.0,,
boundary,line,8,0.0,Operational,0.9027590198726606,0.9027777777777777,,
boundary,line,8,0.0,All,1.0,1.0,,
boundary,line,8,0.2,Topological,0.9583252942311403,0.9583333333333333,,
boundary,line,8,0.2,Complexity,0.8875000000000001,0.8888888888888888,,
boundary,line,8,0.2,Operational,0.7906571040899399,0.7916666666666667,,
boundary,line,8,0.2,All,0.9722007722007722,0.9722222222222222,,
boundary,line,8,0.4,Topological,0.9164086687306502,0.9166666666666667,,
boundary,line,8,0.4,Complexity,0.8300550747442959,0.8333333333333333,,
boundary,line,8,0.4,Operational,0.7714285714285716,0.7777777777777778,,
boundary,line,8,0.4,All,0.916083916083916,0.9166666666666667,,
boundary,line,8,0.6,Topological,0.859375,0.8611111111111112,,
boundary,line,8,0.6,Complexity,0.7499489274770174,0.7638888888888888,,
boundary,line,8,0.6,Operational,0.737012987012987,0.75,,
boundary,line,8,0.6,All,0.7979149959903769,0.8055555555555556,,
boundary,line,8,0.8,Topological,0.6688963210702341,0.6944444444444444,,
boundary,line,8,0.8,Complexity,0.7163591125855276,0.7361111111111112,,
boundary,line,8,0.8,Operational,0.6051765738100461,0.6527777777777778,,
boundary,line,8,0.8,All,0.6442534908700321,0.6805555555555556,,
boundary,line,8,1.0,Topological,0.625,0.6666666666666666,,
boundary,line,8,1.0,Complexity,0.6442534908700321,0.6805555555555556,,
boundary,line,8,1.0,Operational,0.5636363636363637,0.625,,
boundary,line,8,1.0,All,0.5418181818181818,0.6111111111111112,,
boundary,line,9,0.0,Topological,0.9302190346966467,0.9305555555555556,,
boundary,line,9,0.0,Complexity,0.9861084314103801,0.9861111111111112,,
boundary,line,9,0.0,Operational,0.9027590198726606,0.9027777777777777,,
boundary,line,9,0.0,All,0.9582608695652175,0.9583333333333333,,
boundary,line,9,0.2,Topological,0.9302190346966467,0.9305555555555556,,
boundary,line,9,0.2,Complexity,0.9026086956521739,0.9027777777777778,,
boundary,line,9,0.2,Operational,0.83125,0.8333333333333333,,
boundary,line,9,0.2,All,0.9444444444444444,0.9444444444444444,,
boundary,line,9,0.4,Topological,0.9302190346966467,0.9305555555555556,,
boundary,line,9,0.4,Complexity,0.8300550747442959,0.8333333333333333,,
boundary,line,9,0.4,Operational,0.7559322033898306,0.7638888888888888,,
boundary,line,9,0.4,All,0.9305421570519004,0.9305555555555556,,
boundary,line,9,0.6,Topological,0.9027590198726606,0.9027777777777777,,
boundary,line,9,0.6,Complexity,0.7979149959903769,0.8055555555555556,,
boundary,line,9,0.6,Operational,0.6688963210702341,0.6944444444444444,,
boundary,line,9,0.6,All,0.8447971781305115,0.8472222222222222,,
boundary,line,9,0.8,Topological,0.9027590198726606,0.9027777777777777,,
boundary,line,9,0.8,Complexity,0.7662337662337662,0.7777777777777778,,
boundary,line,9,0.8,Operational,0.6017021276595744,0.6388888888888888,,
boundary,line,9,0.8,All,0.8151293699387714,0.8194444444444444,,
boundary,line,9,1.0,Topological,0.737012987012987,0.75,,
boundary,line,9,1.0,Complexity,0.6051765738100461,0.6527777777777778,,
boundary,line,9,1.0,Operational,0.41978021978021973,0.5416666666666666,,
boundary,line,9,1.0,All,0.5847382431233363,0.6388888888888888,,
scale,line,0,0.0,Topological,0.9895810955961334,0.9895833333333334,0.010416666666666666,1.0
scale,line,0,0.0,Complexity,0.8791275100291035,0.8819444444444443,0.15625,0.96875
scale,line,0,0.0,Operational,0.8479740175733285,0.8472222222222223,0.1736111111111111,0.9826388888888888
scale,line,0,0.0,All,0.9895731508634734,0.9895833333333334,0.010416666666666666,1.0
scale,line,0,0.2,Topological,0.9721236320615203,0.9722222222222222,0.027777777777777776,1.0
scale,line,0,0.2,Complexity,0.8068273019701069,0.8125,0.24305555555555555,0.9548611111111112
scale,line,0,0.2,Operational,0.6624390251237542,0.6597222222222222,0.3645833333333333,0.9791666666666666
scale,line,0,0.2,All,0.9859509020999705,0.9861111111111112,0.013888888888888888,1.0
scale,line,0,0.4,Topological,0.9446872571872572,0.9444444444444445,0.05555555555555555,1.0
scale,line,0,0.4,Complexity,0.7624701599504569,0.7638888888888888,0.3333333333333333,0.9270833333333334
scale,line,0,0.4,Operational,0.4733113752850595,0.4861111111111111,0.6354166666666666,0.8923611111111112
scale,line,0,0.4,All,0.9605603546780017,0.9618055555555555,0.03819444444444445,1.0
scale,line,0,0.6,Topological,0.9441542254042256,0.9444444444444443,0.05555555555555555,1.0
scale,line,0,0.6,Complexity,0.6423899268751083,0.6388888888888888,0.5520833333333334,0.8854166666666666
scale,line,0,0.6,Operational,0.384299263911678,0.4166666666666667,0.8298611111111112,0.7951388888888888
scale,line,0,0.6,All,0.9028979971120267,0.90625,0.09722222222222222,0.9965277777777778
scale,line,0,0.8,Topological,0.8896195360375622,0.8888888888888888,0.1111111111111111,1.0
scale,line,0,0.8,Complexity,0.6087583918069223,0.5972222222222222,0.6631944444444444,0.8506944444444444
scale,line,0,0.8,Operational,0.29426777046356317,0.3333333333333333,1.0416666666666667,0.7048611111111112
scale,line,0,0.8,All,0.8702122250509348,0.8715277777777778,0.13541666666666666,0.9930555555555556
scale,line,0,1.0,Topological,0.8969125691835008,0.8958333333333335,0.10416666666666667,1.0
scale,line,0,1.0,Complexity,0.5216578726044955,0.5138888888888888,0.8020833333333334,0.8055555555555556
scale,line,0,1.0,Operational,0.27471874890626685,0.3125,1.1736111111111112,0.65625
scale,line,0,1.0,All,0.8455589028688443,0.8506944444444445,0.15625,0.9930555555555556
scale,line,1,0.0,Topological,0.9895810955961334,0.9895833333333334,0.010416666666666666,1.0
scale,line,1,0.0,Complexity,0.8840659982725861,0.8854166666666666,0.125,0.9930555555555556
scale,line,1,0.0,Operational,0.8998177251356796,0.8993055555555555,0.1284722222222222,0.9861111111111112
scale,line,1,0.0,All,0.9930525401650022,0.9930555555555555,0.006944444444444444,1.0
scale,line,1,0.2,Topological,0.9825635517364842,0.9826388888888888,0.017361111111111112,1.0
scale,line,1,0.2,Complexity,0.8134969302257803,0.8159722222222222,0.20833333333333334,0.9791666666666666
scale,line,1,0.2,Operational,0.6238727167665107,0.6284722222222222,0.4131944444444444,0.9791666666666666
scale,line,1,0.2,All,0.978925290556846,0.9791666666666666,0.020833333333333332,1.0
scale,line,1,0.4,Topological,0.9478537051374345,0.9479166666666665,0.052083333333333336,1.0
scale,line,1,0.4,Complexity,0.7500349702927362,0.75,0.3506944444444444,0.9375
scale,line,1,0.4,Operational,0.4226085879092752,0.4479166666666667,0.7048611111111112,0.8645833333333334
scale,line,1,0.4,All,0.9458567660839395,0.9479166666666666,0.052083333333333336,1.0
scale,line,1,0.6,Topological,0.9238085778046443,0.9236111111111112,0.0763888888888889,1.0
scale,line,1,0.6,Complexity,0.6925133587390144,0.6909722222222223,0.4861111111111111,0.8854166666666666
scale,line,1,0.6,Operational,0.34909849508063795,0.3819444444444445,0.8958333333333334,0.7743055555555556
scale,line,1,0.6,All,0.8949074074074074,0.9027777777777778,0.09722222222222222,1.0
scale,line,1,0.8,Topological,0.8856451220064798,0.8854166666666666,0.11458333333333333,1.0
scale,line,1,0.8,Complexity,0.5755086935788205,0.5659722222222222,0.7569444444444444,0.8125
scale,line,1,0.8,Operational,0.2835928893416988,0.3333333333333333,1.0729166666666667,0.7013888888888888
scale,line,1,0.8,All,0.8601501501501502,0.8680555555555557,0.13194444444444445,1.0
scale,line,1,1.0,Topological,0.8261275198249153,0.8229166666666666,0.18055555555555555,0.9965277777777778
scale,line,1,1.0,Complexity,0.5398776068352632,0.53125,0.8159722222222222,0.7881944444444444
scale,line,1,1.0,Operational,0.25061674022472474,0.2951388888888889,1.1736111111111112,0.65625
scale,line,1,1.0,All,0.8145881736685104,0.8229166666666666,0.1909722222222222,0.9861111111111112
scale,line,2,0.0,Topological,0.9718034109486416,0.9722222222222222,0.027777777777777776,1.0
scale,line,2,0.0,Complexity,0.8544469630420576,0.8576388888888888,0.15625,0.9895833333333334
scale,line,2,0.0,Operational,0.827915828473472,0.8263888888888888,0.2222222222222222,0.96875
scale,line,2,0.0,All,0.9653900709219858,0.9652777777777778,0.034722222222222224,1.0
scale,line,2,0.2,Topological,0.9648914627453208,0.9652777777777777,0.034722222222222224,1.0
scale,line,2,0.2,Complexity,0.7864580909999312,0.7881944444444443,0.2361111111111111,0.9861111111111112
scale,line,2,0.2,Operational,0.6363983282410514,0.6354166666666667,0.4305555555555556,0.9583333333333334
scale,line,2,0.2,All,0.9653900709219858,0.9652777777777778,0.034722222222222224,1.0
scale,line,2,0.4,Topological,0.9194028413450894,0.9201388888888888,0.0798611111111111,1.0
scale,line,2,0.4,Complexity,0.6952244141699647,0.6944444444444443,0.4618055555555556,0.8993055555555556
scale,line,2,0.4,Operational,0.4827219991768015,0.5,0.6631944444444444,0.8645833333333334
scale,line,2,0.4,All,0.9585106382978724,0.9583333333333334,0.041666666666666664,1.0
scale,line,2,0.6,Topological,0.8979699318852775,0.8993055555555555,0.10069444444444445,1.0
scale,line,2,0.6,Complexity,0.6916313128287842,0.6909722222222223,0.4930555555555556,0.8819444444444444
scale,line,2,0.6,Operational,0.41307688241637924,0.4375,0.8368055555555556,0.7777777777777778
scale,line,2,0.6,All,0.9586463838145164,0.9583333333333334,0.041666666666666664,1.0
scale,line,2,0.8,Topological,0.864935470854359,0.8645833333333334,0.13541666666666666,1.0
scale,line,2,0.8,Complexity,0.5818773919019554,0.576388888888889,0.6493055555555556,0.8611111111111112
scale,line,2,0.8,Operational,0.33194037682843835,0.375,1.0069444444444444,0.7048611111111112
scale,line,2,0.8,All,0.8997319770761821,0.8993055555555555,0.11458333333333333,0.9861111111111112
scale,line,2,1.0,Topological,0.8233038118310615,0.8194444444444445,0.18055555555555555,1.0
scale,line,2,1.0,Complexity,0.5642333199569862,0.5555555555555556,0.7430555555555556,0.8229166666666666
scale,line,2,1.0,Operational,0.32895359102265426,0.3819444444444444,1.1111111111111112,0.65625
scale,line,2,1.0,All,0.8283011674414106,0.8298611111111112,0.19444444444444445,0.9756944444444444
scale,line,3,0.0,Topological,0.9825166992505703,0.982638888888889,0.017361111111111112,1.0
scale,line,3,0.0,Complexity,0.8636138277952234,0.8645833333333334,0.1597222222222222,0.9791666666666666
scale,line,3,0.0,Operational,0.8447470818801578,0.8437500000000001,0.17708333333333334,0.9826388888888888
scale,line,3,0.0,All,0.9827101042985471,0.982638888888889,0.017361111111111112,1.0
scale,line,3,0.2,Topological,0.9790480391824178,0.9791666666666666,0.020833333333333332,1.0
scale,line,3,0.2,Complexity,0.8306287401696295,0.8333333333333334,0.1909722222222222,0.9756944444444444
scale,line,3,0.2,Operational,0.6766201753400548,0.6736111111111112,0.3541666666666667,0.9756944444444444
scale,line,3,0.2,All,0.9930525401650022,0.9930555555555555,0.006944444444444444,1.0
scale,line,3,0.4,Topological,0.9478110262214677,0.9479166666666666,0.052083333333333336,1.0
scale,line,3,0.4,Complexity,0.7437302034575946,0.7465277777777778,0.3020833333333333,0.9548611111111112
scale,line,3,0.4,Operational,0.4985744591449995,0.5138888888888888,0.5659722222222222,0.9270833333333334
scale,line,3,0.4,All,0.9823906252477682,0.9826388888888888,0.017361111111111112,1.0
scale,line,3,0.6,Topological,0.941117172675522,0.9409722222222222,0.059027777777777776,1.0
scale,line,3,0.6,Complexity,0.6836330794929225,0.6805555555555557,0.5347222222222222,0.8680555555555556
scale,line,3,0.6,Operational,0.4874622761955689,0.5138888888888888,0.6736111111111112,0.8298611111111112
scale,line,3,0.6,All,0.9681766071343976,0.96875,0.03125,1.0
scale,line,3,0.8,Topological,0.9043089892962016,0.9027777777777777,0.09722222222222222,1.0
scale,line,3,0.8,Complexity,0.6148535518528843,0.611111111111111,0.6666666666666666,0.8333333333333334
scale,line,3,0.8,Operational,0.4294475224507018,0.4548611111111111,0.7777777777777778,0.8090277777777778
scale,line,3,0.8,All,0.9336608487058098,0.9340277777777778,0.06944444444444445,0.9965277777777778
scale,line,3,1.0,Topological,0.8750222580272582,0.875,0.1284722222222222,0.9965277777777778
scale,line,3,1.0,Complexity,0.5743731471403349,0.576388888888889,0.6979166666666666,0.8263888888888888
scale,line,3,1.0,Operational,0.3858149438666005,0.4270833333333333,0.8993055555555556,0.7395833333333334
scale,line,3,1.0,All,0.8786716745730656,0.8819444444444443,0.125,0.9930555555555556
scale,line,4,0.0,Topological,0.9895731508634734,0.9895833333333334,0.010416666666666666,1.0
scale,line,4,0.0,Complexity,0.8687081437118399,0.8715277777777778,0.17708333333333334,0.9618055555555556
scale,line,4,0.0,Operational,0.8431439809646943,0.8402777777777778,0.1840277777777778,0.9791666666666666
scale,line,4,0.0,All,0.9861029104030224,0.9861111111111112,0.013888888888888888,1.0
scale,line,4,0.2,Topological,0.9721000325839037,0.9722222222222223,0.027777777777777776,1.0
scale,line,4,0.2,Complexity,0.8226565642020319,0.8263888888888888,0.22916666666666666,0.9548611111111112
scale,line,4,0.2,Operational,0.6121879397669233,0.6076388888888888,0.4236111111111111,0.9791666666666666
scale,line,4,0.2,All,0.9859849050794814,0.9861111111111112,0.013888888888888888,1.0
scale,line,4,0.4,Topological,0.9580851063829786,0.9583333333333334,0.041666666666666664,1.0
scale,line,4,0.4,Complexity,0.7841749023461214,0.7881944444444445,0.2986111111111111,0.9340277777777778
scale,line,4,0.4,Operational,0.46335514956061763,0.4756944444444444,0.625,0.9131944444444444
scale,line,4,0.4,All,0.9824576111174049,0.9826388888888888,0.017361111111111112,1.0
scale,line,4,0.6,Topological,0.9294205818704921,0.9305555555555555,0.06944444444444445,1.0
scale,line,4,0.6,Complexity,0.6913464587877028,0.6944444444444443,0.46875,0.8854166666666666
scale,line,4,0.6,Operational,0.41139436524689216,0.4305555555555556,0.7465277777777778,0.8472222222222222
scale,line,4,0.6,All,0.9650274036740202,0.9652777777777778,0.034722222222222224,1.0
scale,line,4,0.8,Topological,0.9065267020522007,0.90625,0.09375,1.0
scale,line,4,0.8,Complexity,0.658264103919405,0.65625,0.5763888888888888,0.84375
scale,line,4,0.8,Operational,0.3789143130795667,0.40625,0.8993055555555556,0.7430555555555556
scale,line,4,0.8,All,0.9299723925360062,0.9305555555555557,0.06944444444444445,1.0
scale,line,4,1.0,Topological,0.8798600697698635,0.8784722222222222,0.13541666666666666,0.9895833333333334
scale,line,4,1.0,Complexity,0.644075396774626,0.638888888888889,0.6215277777777778,0.8506944444444444
scale,line,4,1.0,Operational,0.35193556734377024,0.37847222222222215,0.96875,0.7222222222222222
scale,line,4,1.0,All,0.9128692511407436,0.9131944444444443,0.1076388888888889,0.9826388888888888
scale,line,5,0.0,Topological,0.9930525401650022,0.9930555555555555,0.006944444444444444,1.0
scale,line,5,0.0,Complexity,0.8971014309287505,0.8993055555555557,0.14583333333333334,0.9652777777777778
scale,line,5,0.0,Operational,0.8579888564837326,0.8576388888888888,0.17708333333333334,0.9791666666666666
scale,line,5,0.0,All,0.9965274009766686,0.9965277777777778,0.003472222222222222,1.0
scale,line,5,0.2,Topological,0.9825635517364842,0.9826388888888888,0.017361111111111112,1.0
scale,line,5,0.2,Complexity,0.810466747530266,0.8125,0.24305555555555555,0.9548611111111112
scale,line,5,0.2,Operational,0.6064480222619757,0.6041666666666666,0.4444444444444444,0.9756944444444444
scale,line,5,0.2,All,0.9895040823113416,0.9895833333333334,0.010416666666666666,1.0
scale,line,5,0.4,Topological,0.9580859685873452,0.9583333333333334,0.041666666666666664,1.0
scale,line,5,0.4,Complexity,0.687087956659964,0.6875,0.4340277777777778,0.8958333333333334
scale,line,5,0.4,Operational,0.4517602514565271,0.46875,0.6909722222222222,0.8715277777777778
scale,line,5,0.4,All,0.9642427891468307,0.9652777777777778,0.034722222222222224,1.0
scale,line,5,0.6,Topological,0.9239998094761784,0.9236111111111112,0.0763888888888889,1.0
scale,line,5,0.6,Complexity,0.6750276534444616,0.6736111111111112,0.4722222222222222,0.8958333333333334
scale,line,5,0.6,Operational,0.37287731770025223,0.3993055555555555,0.8402777777777778,0.8090277777777778
scale,line,5,0.6,All,0.9321932812144622,0.9340277777777778,0.06597222222222222,1.0
scale,line,5,0.8,Topological,0.9013479562010466,0.8993055555555555,0.10069444444444445,1.0
scale,line,5,0.8,Complexity,0.6112294906110616,0.6041666666666666,0.6215277777777778,0.84375
scale,line,5,0.8,Operational,0.3008319857550687,0.3368055555555555,1.0451388888888888,0.71875
scale,line,5,0.8,All,0.8837807679101317,0.8888888888888888,0.1111111111111111,1.0
scale,line,5,1.0,Topological,0.8412885909126194,0.8402777777777778,0.1597222222222222,1.0
scale,line,5,1.0,Complexity,0.5763228262852568,0.5729166666666666,0.7256944444444444,0.7951388888888888
scale,line,5,1.0,Operational,0.28752558472172346,0.3229166666666667,1.0763888888888888,0.7152777777777778
scale,line,5,1.0,All,0.8419629390217626,0.8472222222222223,0.16319444444444445,0.9895833333333334
scale,line,6,0.0,Topological,0.9753581813375628,0.9756944444444445,0.024305555555555556,1.0
scale,line,6,0.0,Complexity,0.8866251614878303,0.888888888888889,0.1284722222222222,0.9826388888888888
scale,line,6,0.0,Operational,0.8210810399602683,0.8194444444444443,0.19791666666666666,0.9861111111111112
scale,line,6,0.0,All,0.9826303113796909,0.9826388888888888,0.017361111111111112,1.0
scale,line,6,0.2,Topological,0.9649396135265701,0.9652777777777777,0.034722222222222224,1.0
scale,line,6,0.2,Complexity,0.8477794174055288,0.8506944444444443,0.1736111111111111,0.9756944444444444
scale,line,6,0.2,Operational,0.6264933179452506,0.625,0.4131944444444444,0.96875
scale,line,6,0.2,All,0.986086956521739,0.9861111111111112,0.013888888888888888,1.0
scale,line,6,0.4,Topological,0.944149978071653,0.9444444444444443,0.05555555555555555,1.0
scale,line,6,0.4,Complexity,0.7867482330165894,0.7847222222222222,0.3090277777777778,0.9340277777777778
scale,line,6,0.4,Operational,0.48131046263054,0.49652777777777773,0.6284722222222222,0.8923611111111112
scale,line,6,0.4,All,0.9684703331362113,0.96875,0.034722222222222224,0.9965277777777778
scale,line,6,0.6,Topological,0.9375867166796418,0.9375,0.0625,1.0
scale,line,6,0.6,Complexity,0.7091933696555545,0.7048611111111112,0.4409722222222222,0.9097222222222222
scale,line,6,0.6,Operational,0.41599361103860666,0.4444444444444445,0.8402777777777778,0.7604166666666666
scale,line,6,0.6,All,0.9578956825390071,0.9583333333333334,0.04513888888888889,0.9965277777777778
scale,line,6,0.8,Topological,0.9110370656956924,0.9097222222222222,0.09375,0.9965277777777778
scale,line,6,0.8,Complexity,0.6542927676925979,0.6458333333333334,0.5902777777777778,0.84375
scale,line,6,0.8,Operational,0.4011615521202833,0.4375,0.9201388888888888,0.71875
scale,line,6,0.8,All,0.9300545760996798,0.9305555555555557,0.0798611111111111,0.9895833333333334
scale,line,6,1.0,Topological,0.9003081110150432,0.8993055555555557,0.10069444444444445,1.0
scale,line,6,1.0,Complexity,0.6156482402898172,0.611111111111111,0.625,0.8333333333333334
scale,line,6,1.0,Operational,0.2993626183995561,0.34375,1.1180555555555556,0.6631944444444444
scale,line,6,1.0,All,0.8541518524282784,0.8576388888888888,0.16319444444444445,0.9791666666666666
scale,line,7,0.0,Topological,0.975675626728966,0.9756944444444445,0.024305555555555556,1.0
scale,line,7,0.0,Complexity,0.887073835430742,0.8888888888888888,0.1388888888888889,0.9791666666666666
scale,line,7,0.0,Operational,0.8590952236737333,0.8576388888888888,0.14930555555555555,0.9930555555555556
scale,line,7,0.0,All,0.9895731508634734,0.9895833333333334,0.010416666666666666,1.0
scale,line,7,0.2,Topological,0.9614668521723394,0.9618055555555555,0.03819444444444445,1.0
scale,line,7,0.2,Complexity,0.7806749410182389,0.7847222222222222,0.2569444444444444,0.9652777777777778
scale,line,7,0.2,Operational,0.6496252564038636,0.6493055555555555,0.3645833333333333,0.9861111111111112
scale,line,7,0.2,All,0.9751742140506185,0.9756944444444445,0.024305555555555556,1.0
scale,line,7,0.4,Topological,0.9331974064419312,0.9340277777777778,0.06597222222222222,1.0
scale,line,7,0.4,Complexity,0.7533859318983048,0.7569444444444443,0.3194444444444444,0.9409722222222222
scale,line,7,0.4,Operational,0.4667560691531107,0.48611111111111116,0.6388888888888888,0.8819444444444444
scale,line,7,0.4,All,0.9493602540103566,0.9513888888888888,0.04861111111111111,1.0
scale,line,7,0.6,Topological,0.9272667660891704,0.9270833333333334,0.0763888888888889,0.9965277777777778
scale,line,7,0.6,Complexity,0.6552368386331576,0.6527777777777778,0.5347222222222222,0.8645833333333334
scale,line,7,0.6,Operational,0.3596753512284802,0.3923611111111111,0.8645833333333334,0.7743055555555556
scale,line,7,0.6,All,0.8937919207784274,0.8993055555555555,0.1076388888888889,0.9930555555555556
scale,line,7,0.8,Topological,0.8844502689553568,0.8819444444444443,0.125,0.9930555555555556
scale,line,7,0.8,Complexity,0.605842541223471,0.6041666666666666,0.6041666666666666,0.8576388888888888
scale,line,7,0.8,Operational,0.31715973667322156,0.36111111111111116,0.9756944444444444,0.7256944444444444
scale,line,7,0.8,All,0.8577822200011106,0.861111111111111,0.15625,0.9826388888888888
scale,line,7,1.0,Topological,0.8608783137640037,0.8576388888888888,0.14583333333333334,0.9965277777777778
scale,line,7,1.0,Complexity,0.5327686780847025,0.5277777777777778,0.7395833333333334,0.8090277777777778
scale,line,7,1.0,Operational,0.27335621632575463,0.3125,1.1076388888888888,0.6736111111111112
scale,line,7,1.0,All,0.8612592820115369,0.8645833333333334,0.1388888888888889,0.9965277777777778
scale,line,8,0.0,Topological,0.9895810955961334,0.9895833333333334,0.010416666666666666,1.0
scale,line,8,0.0,Complexity,0.8853838656470235,0.8854166666666666,0.12152777777777778,0.9930555555555556
scale,line,8,0.0,Operational,0.8564945749392745,0.857638888888889,0.1701388888888889,0.9861111111111112
scale,line,8,0.0,All,1.0,1.0,0.0,1.0
scale,line,8,0.2,Topological,0.9860342186519998,0.9861111111111112,0.013888888888888888,1.0
scale,line,8,0.2,Complexity,0.8198865054966035,0.8194444444444445,0.19791666666666666,0.9826388888888888
scale,line,8,0.2,Operational,0.6111798639690532,0.6180555555555555,0.4201388888888889,0.9756944444444444
scale,line,8,0.2,All,1.0,1.0,0.0,1.0
scale,line,8,0.4,Topological,0.9650531311815507,0.9652777777777777,0.034722222222222224,1.0
scale,line,8,0.4,Complexity,0.7258289725493907,0.7256944444444443,0.3645833333333333,0.9201388888888888
scale,line,8,0.4,Operational,0.44794640072376485,0.47222222222222227,0.6284722222222222,0.9166666666666666
scale,line,8,0.4,All,0.9753692511407436,0.9756944444444445,0.024305555555555556,1.0
scale,line,8,0.6,Topological,0.9377302966289478,0.9375,0.0625,1.0
scale,line,8,0.6,Complexity,0.6909805235686765,0.6875,0.4756944444444444,0.8958333333333334
scale,line,8,0.6,Operational,0.3459771605652295,0.37152777777777773,0.8611111111111112,0.8055555555555556
scale,line,8,0.6,All,0.92172238656025,0.923611111111111,0.0763888888888889,1.0
scale,line,8,0.8,Topological,0.8963918848419166,0.8958333333333334,0.10416666666666667,1.0
scale,line,8,0.8,Complexity,0.6293801086692785,0.6215277777777778,0.625,0.8506944444444444
scale,line,8,0.8,Operational,0.2877847320698852,0.3229166666666667,1.1041666666666667,0.6666666666666666
scale,line,8,0.8,All,0.8724876270691814,0.875,0.1284722222222222,0.9965277777777778
scale,line,8,1.0,Topological,0.8972329446233004,0.8958333333333334,0.10416666666666667,1.0
scale,line,8,1.0,Complexity,0.6105444865260173,0.6041666666666666,0.6284722222222222,0.8368055555555556
scale,line,8,1.0,Operational,0.24086095311435685,0.2743055555555556,1.2118055555555556,0.6458333333333334
scale,line,8,1.0,All,0.8456989247311829,0.8506944444444445,0.1597222222222222,0.9895833333333334
scale,line,9,0.0,Topological,0.9791489361702128,0.9791666666666666,0.020833333333333332,1.0
scale,line,9,0.0,Complexity,0.8741355151356222,0.8784722222222222,0.15625,0.96875
scale,line,9,0.0,Operational,0.815138057372582,0.8159722222222222,0.19444444444444445,0.9895833333333334
scale,line,9,0.0,All,0.9860342186519998,0.9861111111111112,0.013888888888888888,1.0
scale,line,9,0.2,Topological,0.9755253725712131,0.9756944444444443,0.024305555555555556,1.0
scale,line,9,0.2,Complexity,0.8122593098651832,0.8159722222222223,0.22916666666666666,0.9583333333333334
scale,line,9,0.2,Operational,0.5983378083261467,0.59375,0.4305555555555556,0.9791666666666666
scale,line,9,0.2,All,0.9823906252477682,0.9826388888888888,0.017361111111111112,1.0
scale,line,9,0.4,Topological,0.9581103552532125,0.9583333333333334,0.041666666666666664,1.0
scale,line,9,0.4,Complexity,0.7480014678790871,0.75,0.3645833333333333,0.9270833333333334
scale,line,9,0.4,Operational,0.4438455676545369,0.45833333333333326,0.65625,0.8923611111111112
scale,line,9,0.4,All,0.9719249004963291,0.9722222222222223,0.03125,0.9965277777777778
scale,line,9,0.6,Topological,0.9412232889955661,0.9409722222222223,0.059027777777777776,1.0
scale,line,9,0.6,Complexity,0.6729804212137567,0.6666666666666666,0.5243055555555556,0.8680555555555556
scale,line,9,0.6,Operational,0.3830638771238342,0.3993055555555555,0.7708333333333334,0.8506944444444444
scale,line,9,0.6,All,0.9546232160719529,0.9548611111111112,0.04861111111111111,0.9965277777777778
scale,line,9,0.8,Topological,0.9080357193897092,0.9062499999999999,0.09375,1.0
scale,line,9,0.8,Complexity,0.6020534992496976,0.5972222222222223,0.6666666666666666,0.8159722222222222
scale,line,9,0.8,Operational,0.3518063564343297,0.375,0.8923611111111112,0.7708333333333334
scale,line,9,0.8,All,0.8951442470059492,0.8958333333333334,0.1076388888888889,0.9965277777777778
scale,line,9,1.0,Topological,0.8598266458815959,0.8576388888888888,0.1423611111111111,1.0
scale,line,9,1.0,Complexity,0.5566661065747719,0.5486111111111112,0.7256944444444444,0.8159722222222222
scale,line,9,1.0,Operational,0.30673327483585683,0.34027777777777773,1.03125,0.71875
scale,line,9,1.0,All,0.8380230282490467,0.8402777777777778,0.1701388888888889,0.9895833333333334
boundary,gridish,0,0.0,Topological,0.9861084314103801,0.9861111111111112,,
boundary,gridish,0,0.0,Complexity,0.9861084314103801,0.9861111111111112,,
boundary,gridish,0,0.0,Operational,0.9722222222222222,0.9722222222222222,,
boundary,gridish,0,0.0,All,0.9861084314103801,0.9861111111111112,,
boundary,gridish,0,0.2,Topological,0.9861084314103801,0.9861111111111112,,
boundary,gridish,0,0.2,Complexity,0.9861084314103801,0.9861111111111112,,
boundary,gridish,0,0.2,Operational,0.9861084314103801,0.9861111111111112,,
boundary,gridish,0,0.2,All,0.9861084314103801,0.9861111111111112,,
boundary,gridish,0,0.4,Topological,0.9861084314103801,0.9861111111111112,,
boundary,gridish,0,0.4,Complexity,0.9861084314103801,0.9861111111111112,,
boundary,gridish,0,0.4,Operational,0.9722222222222222,0.9722222222222222,,
boundary,gridish,0,0.4,All,0.9861084314103801,0.9861111111111112,,
boundary,gridish,0,0.6,Topological,0.9861084314103801,0.9861111111111112,,
boundary,gridish,0,0.6,Complexity,0.9861084314103801,0.9861111111111112,,
boundary,gridish,0,0.6,Operational,0.9861084314103801,0.9861111111111112,,
boundary,gridish,0,0.6,All,0.9861084314103801,0.9861111111111112,,
boundary,gridish,0,0.8,Topological,0.9861084314103801,0.9861111111111112,,
boundary,gridish,0,0.8,Complexity,1.0,1.0,,
boundary,gridish,0,0.8,Operational,0.9583252942311403,0.9583333333333333,,
boundary,gridish,0,0.8,All,0.9861084314103801,0.9861111111111112,,
boundary,gridish,0,1.0,Topological,0.9861084314103801,0.9861111111111112,,
boundary,gridish,0,1.0,Complexity,0.9861084314103801,0.9861111111111112,,
boundary,gridish,0,1.0,Operational,0.9442724458204335,0.9444444444444444,,
boundary,gridish,0,1.0,All,0.9722222222222222,0.9722222222222222,,
boundary,gridish,1,0.0,Topological,0.9722007722007722,0.9722222222222222,,
boundary,gridish,1,0.0,Complexity,0.9861084314103801,0.9861111111111112,,
boundary,gridish,1,0.0,Operational,0.9583252942311403,0.9583333333333333,,
boundary,gridish,1,0.0,All,0.9722007722007722,0.9722222222222222,,
boundary,gridish,1,0.2,Topological,0.9722007722007722,0.9722222222222222,,
boundary,gridish,1,0.2,Complexity,0.9861084314103801,0.9861111111111112,,
boundary,gridish,1,0.2,Operational,0.9583252942311403,0.9583333333333333,,
boundary,gridish,1,0.2,All,0.9722007722007722,0.9722222222222222,,
boundary,gridish,1,0.4,Topological,0.9722007722007722,0.9722222222222222,,
boundary,gridish,1,0.4,Complexity,0.9861084314103801,0.9861111111111112,,
boundary,gridish,1,0.4,Operational,0.9583252942311403,0.9583333333333333,,
boundary,gridish,1,0.4,All,0.9722007722007722,0.9722222222222222,,
boundary,gridish,1,0.6,Topological,0.9722007722007722,0.9722222222222222,,
boundary,gridish,1,0.6,Complexity,0.9861084314103801,0.9861111111111112,,
boundary,gridish,1,0.6,Operational,0.9444015444015443,0.9444444444444444,,
boundary,gridish,1,0.6,All,0.9722007722007722,0.9722222222222222,,
boundary,gridish,1,0.8,Topological,0.9722007722007722,0.9722222222222222,,
boundary,gridish,1,0.8,Complexity,0.9861084314103801,0.9861111111111112,,
boundary,gridish,1,0.8,Operational,0.9304347826086956,0.9305555555555556,,
boundary,gridish,1,0.8,All,0.9722007722007722,0.9722222222222222,,
boundary,gridish,1,1.0,Topological,0.9722007722007722,0.9722222222222222,,
boundary,gridish,1,1.0,Complexity,0.9861084314103801,0.9861111111111112,,
boundary,gridish,1,1.0,Operational,0.9304347826086956,0.9305555555555556,,
boundary,gridish,1,1.0,All,0.9722007722007722,0.9722222222222222,,
boundary,gridish,2,0.0,Topological,1.0,1.0,,
boundary,gridish,2,0.0,Complexity,1.0,1.0,,
boundary,gridish,2,0.0,Operational,0.9722222222222222,0.9722222222222222,,
boundary,gridish,2,0.0,All,1.0,1.0,,
boundary,gridish,2,0.2,Topological,1.0,1.0,,
boundary,gridish,2,0.2,Complexity,1.0,1.0,,
boundary,gridish,2,0.2,Operational,0.9861084314103801,0.9861111111111112,,
boundary,gridish,2,0.2,All,1.0,1.0,,
boundary,gridish,2,0.4,Topological,1.0,1.0,,
boundary,gridish,2,0.4,Complexity,1.0,1.0,,
boundary,gridish,2,0.4,Operational,0.9861084314103801,0.9861111111111112,,
boundary,gridish,2,0.4,All,1.0,1.0,,
boundary,gridish,2,0.6,Topological,1.0,1.0,,
boundary,gridish,2,0.6,Complexity,1.0,1.0,,
boundary,gridish,2,0.6,Operational,0.9583252942311403,0.9583333333333333,,
boundary,gridish,2,0.6,All,0.9861084314103801,0.9861111111111112,,
boundary,gridish,2,0.8,Topological,1.0,1.0,,
boundary,gridish,2,0.8,Complexity,1.0,1.0,,
boundary,gridish,2,0.8,Operational,0.9722007722007722,0.9722222222222222,,
boundary,gridish,2,0.8,All,1.0,1.0,,
boundary,gridish,2,1.0,Topological,1.0,1.0,,
boundary,gridish,2,1.0,Complexity,1.0,1.0,,
boundary,gridish,2,1.0,Operational,0.9302190346966467,0.9305555555555556,,
boundary,gridish,2,1.0,All,0.9861084314103801,0.9861111111111112,,
boundary,gridish,3,0.0,Topological,0.9861084314103801,0.9861111111111112,,
boundary,gridish,3,0.0,Complexity,0.9861084314103801,0.9861111111111112,,
boundary,gridish,3,0.0,Operational,0.9583252942311403,0.9583333333333333,,
boundary,gridish,3,0.0,All,0.9861084314103801,0.9861111111111112,,
boundary,gridish,3,0.2,Topological,0.9861084314103801,0.9861111111111112,,
boundary,gridish,3,0.2,Complexity,0.9861084314103801,0.9861111111111112,,
boundary,gridish,3,0.2,Operational,0.9583252942311403,0.9583333333333333,,
boundary,gridish,3,0.2,All,0.9861084314103801,0.9861111111111112,,
boundary,gridish,3,0.4,Topological,0.9861084314103801,0.9861111111111112,,
boundary,gridish,3,0.4,Complexity,0.9861084314103801,0.9861111111111112,,
boundary,gridish,3,0.4,Operational,0.9583252942311403,0.9583333333333333,,
boundary,gridish,3,0.4,All,0.9861084314103801,0.9861111111111112,,
boundary,gridish,3,0.6,Topological,0.9861084314103801,0.9861111111111112,,
boundary,gridish,3,0.6,Complexity,0.9861084314103801,0.9861111111111112,,
boundary,gridish,3,0.6,Operational,0.9582608695652175,0.9583333333333333,,
boundary,gridish,3,0.6,All,0.9861084314103801,0.9861111111111112,,
boundary,gridish,3,0.8,Topological,0.9861084314103801,0.9861111111111112,,
boundary,gridish,3,0.8,Complexity,0.9861084314103801,0.9861111111111112,,
boundary,gridish,3,0.8,Operational,0.9304347826086956,0.9305555555555556,,
boundary,gridish,3,0.8,All,0.9861084314103801,0.9861111111111112,,
boundary,gridish,3,1.0,Topological,0.9861084314103801,0.9861111111111112,,
boundary,gridish,3,1.0,Complexity,0.9861084314103801,0.9861111111111112,,
boundary,gridish,3,1.0,Operational,0.9018500486854917,0.9027777777777778,,
boundary,gridish,3,1.0,All,0.9861084314103801,0.9861111111111112,,
boundary,gridish,4,0.0,Topological,0.9722007722007722,0.9722222222222222,,
boundary,gridish,4,0.0,Complexity,0.9722222222222222,0.9722222222222222,,
boundary,gridish,4,0.0,Operational,0.9444015444015443,0.9444444444444444,,
boundary,gridish,4,0.0,All,0.9722007722007722,0.9722222222222222,,
boundary,gridish,4,0.2,Topological,0.9722007722007722,0.9722222222222222,,
boundary,gridish,4,0.2,Complexity,0.9722222222222222,0.9722222222222222,,
boundary,gridish,4,0.2,Operational,0.9583252942311403,0.9583333333333333,,
boundary,gridish,4,0.2,All,0.9722007722007722,0.9722222222222222,,
boundary,gridish,4,0.4,Topological,0.9722007722007722,0.9722222222222222,,
boundary,gridish,4,0.4,Complexity,0.9722222222222222,0.9722222222222222,,
boundary,gridish,4,0.4,Operational,0.9583252942311403,0.9583333333333333,,
boundary,gridish,4,0.4,All,0.9722007722007722,0.9722222222222222,,
boundary,gridish,4,0.6,Topological,0.9722007722007722,0.9722222222222222,,
boundary,gridish,4,0.6,Complexity,0.9583252942311403,0.9583333333333333,,
boundary,gridish,4,0.6,Operational,0.9722007722007722,0.9722222222222222,,
boundary,gridish,4,0.6,All,0.9722007722007722,0.9722222222222222,,
boundary,gridish,4,0.8,Topological,0.9722007722007722,0.9722222222222222,,
boundary,gridish,4,0.8,Complexity,0.9722222222222222,0.9722222222222222,,
boundary,gridish,4,0.8,Operational,0.9442724458204335,0.9444444444444444,,
boundary,gridish,4,0.8,All,0.9722007722007722,0.9722222222222222,,
boundary,gridish,4,1.0,Topological,0.9722007722007722,0.9722222222222222,,
boundary,gridish,4,1.0,Complexity,0.9444444444444444,0.9444444444444444,,
boundary,gridish,4,1.0,Operational,0.9442724458204335,0.9444444444444444,,
boundary,gridish,4,1.0,All,0.9722007722007722,0.9722222222222222,,
boundary,gridish,5,0.0,Topological,0.9861084314103801,0.9861111111111112,,
boundary,gridish,5,0.0,Complexity,1.0,1.0,,
boundary,gridish,5,0.0,Operational,0.9722222222222222,0.9722222222222222,,
boundary,gridish,5,0.0,All,0.9861084314103801,0.9861111111111112,,
boundary,gridish,5,0.2,Topological,0.9861084314103801,0.9861111111111112,,
boundary,gridish,5,0.2,Complexity,1.0,1.0,,
boundary,gridish,5,0.2,Operational,0.9722222222222222,0.9722222222222222,,
boundary,gridish,5,0.2,All,0.9861084314103801,0.9861111111111112,,
boundary,gridish,5,0.4,Topological,0.9861084314103801,0.9861111111111112,,
boundary,gridish,5,0.4,Complexity,1.0,1.0,,
boundary,gridish,5,0.4,Operational,0.9722222222222222,0.9722222222222222,,
boundary,gridish,5,0.4,All,0.9861084314103801,0.9861111111111112,,
boundary,gridish,5,0.6,Topological,0.9861084314103801,0.9861111111111112,,
boundary,gridish,5,0.6,Complexity,0.9861084314103801,0.9861111111111112,,
boundary,gridish,5,0.6,Operational,0.9582608695652175,0.9583333333333333,,
boundary,gridish,5,0.6,All,0.9861084314103801,0.9861111111111112,,
boundary,gridish,5,0.8,Topological,0.9861084314103801,0.9861111111111112,,
boundary,gridish,5,0.8,Complexity,0.9861084314103801,0.9861111111111112,,
boundary,gridish,5,0.8,Operational,0.9442724458204335,0.9444444444444444,,
boundary,gridish,5,0.8,All,0.9861084314103801,0.9861111111111112,,
boundary,gridish,5,1.0,Topological,0.9861084314103801,0.9861111111111112,,
boundary,gridish,5,1.0,Complexity,0.9722007722007722,0.9722222222222222,,
boundary,gridish,5,1.0,Operational,0.9302190346966467,0.9305555555555556,,
boundary,gridish,5,1.0,All,0.9861084314103801,0.9861111111111112,,
boundary,gridish,6,0.0,Topological,0.9861084314103801,0.9861111111111112,,
boundary,gridish,6,0.0,Complexity,1.0,1.0,,
boundary,gridish,6,0.0,Operational,0.9444444444444444,0.9444444444444444,,
boundary,gridish,6,0.0,All,0.9861084314103801,0.9861111111111112,,
boundary,gridish,6,0.2,Topological,0.9861084314103801,0.9861111111111112,,
boundary,gridish,6,0.2,Complexity,1.0,1.0,,
boundary,gridish,6,0.2,Operational,0.9305421570519004,0.9305555555555556,,
boundary,gridish,6,0.2,All,0.9861084314103801,0.9861111111111112,,
boundary,gridish,6,0.4,Topological,0.9861084314103801,0.9861111111111112,,
boundary,gridish,6,0.4,Complexity,0.9861084314103801,0.9861111111111112,,
boundary,gridish,6,0.4,Operational,0.9444015444015443,0.9444444444444444,,
boundary,gridish,6,0.4,All,0.9861084314103801,0.9861111111111112,,
boundary,gridish,6,0.6,Topological,0.9861084314103801,0.9861111111111112,,
boundary,gridish,6,0.6,Complexity,0.9722222222222222,0.9722222222222222,,
boundary,gridish,6,0.6,Operational,0.9442724458204335,0.9444444444444444,,
boundary,gridish,6,0.6,All,0.9722222222222222,0.9722222222222222,,
boundary,gridish,6,0.8,Topological,0.9861084314103801,0.9861111111111112,,
boundary,gridish,6,0.8,Complexity,0.9722222222222222,0.9722222222222222,,
boundary,gridish,6,0.8,Operational,0.9302190346966467,0.9305555555555556,,
boundary,gridish,6,0.8,All,0.9861084314103801,0.9861111111111112,,
boundary,gridish,6,1.0,Topological,0.9861084314103801,0.9861111111111112,,
boundary,gridish,6,1.0,Complexity,0.9583252942311403,0.9583333333333333,,
boundary,gridish,6,1.0,Operational,0.9023066485753053,0.9027777777777778,,
boundary,gridish,6,1.0,All,0.9583252942311403,0.9583333333333333,,
boundary,gridish,7,0.0,Topological,0.9582608695652175,0.9583333333333333,,
boundary,gridish,7,0.0,Complexity,0.9722007722007722,0.9722222222222222,,
boundary,gridish,7,0.0,Operational,0.9583252942311403,0.9583333333333333,,
boundary,gridish,7,0.0,All,0.9582608695652175,0.9583333333333333,,
boundary,gridish,7,0.2,Topological,0.9582608695652175,0.9583333333333333,,
boundary,gridish,7,0.2,Complexity,0.9582608695652175,0.9583333333333333,,
boundary,gridish,7,0.2,Operational,0.9722222222222222,0.9722222222222222,,
boundary,gridish,7,0.2,All,0.9582608695652175,0.9583333333333333,,
boundary,gridish,7,0.4,Topological,0.9582608695652175,0.9583333333333333,,
boundary,gridish,7,0.4,Complexity,0.9722007722007722,0.9722222222222222,,
boundary,gridish,7,0.4,Operational,0.9722222222222222,0.9722222222222222,,
boundary,gridish,7,0.4,All,0.9582608695652175,0.9583333333333333,,
boundary,gridish,7,0.6,Topological,0.9582608695652175,0.9583333333333333,,
boundary,gridish,7,0.6,Complexity,0.9582608695652175,0.9583333333333333,,
boundary,gridish,7,0.6,Operational,0.9583252942311403,0.9583333333333333,,
boundary,gridish,7,0.6,All,0.9582608695652175,0.9583333333333333,,
boundary,gridish,7,0.8,Topological,0.9582608695652175,0.9583333333333333,,
boundary,gridish,7,0.8,Complexity,0.9582608695652175,0.9583333333333333,,
boundary,gridish,7,0.8,Operational,0.9722007722007722,0.9722222222222222,,
boundary,gridish,7,0.8,All,0.9582608695652175,0.9583333333333333,,
boundary,gridish,7,1.0,Topological,0.9582608695652175,0.9583333333333333,,
boundary,gridish,7,1.0,Complexity,0.9722007722007722,0.9722222222222222,,
boundary,gridish,7,1.0,Operational,0.9582608695652175,0.9583333333333333,,
boundary,gridish,7,1.0,All,0.9582608695652175,0.9583333333333333,,
boundary,gridish,8,0.0,Topological,0.9722007722007722,0.9722222222222222,,
boundary,gridish,8,0.0,Complexity,0.9861084314103801,0.9861111111111112,,
boundary,gridish,8,0.0,Operational,0.9722222222222222,0.9722222222222222,,
boundary,gridish,8,0.0,All,0.9722007722007722,0.9722222222222222,,
boundary,gridish,8,0.2,Topological,0.9722007722007722,0.9722222222222222,,
boundary,gridish,8,0.2,Complexity,0.9861084314103801,0.9861111111111112,,
boundary,gridish,8,0.2,Operational,0.9722222222222222,0.9722222222222222,,
boundary,gridish,8,0.2,All,0.9722007722007722,0.9722222222222222,,
boundary,gridish,8,0.4,Topological,0.9722007722007722,0.9722222222222222,,
boundary,gridish,8,0.4,Complexity,0.9861084314103801,0.9861111111111112,,
boundary,gridish,8,0.4,Operational,0.9722222222222222,0.9722222222222222,,
boundary,gridish,8,0.4,All,0.9722007722007722,0.9722222222222222,,
boundary,gridish,8,0.6,Topological,0.9722007722007722,0.9722222222222222,,
boundary,gridish,8,0.6,Complexity,0.9861084314103801,0.9861111111111112,,
boundary,gridish,8,0.6,Operational,0.9583252942311403,0.9583333333333333,,
boundary,gridish,8,0.6,All,0.9722007722007722,0.9722222222222222,,
boundary,gridish,8,0.8,Topological,0.9722007722007722,0.9722222222222222,,
boundary,gridish,8,0.8,Complexity,1.0,1.0,,
boundary,gridish,8,0.8,Operational,0.9444015444015443,0.9444444444444444,,
boundary,gridish,8,0.8,All,0.9722007722007722,0.9722222222222222,,
boundary,gridish,8,1.0,Topological,0.9722007722007722,0.9722222222222222,,
boundary,gridish,8,1.0,Complexity,0.9861084314103801,0.9861111111111112,,
boundary,gridish,8,1.0,Operational,0.9442724458204335,0.9444444444444444,,
boundary,gridish,8,1.0,All,0.9722007722007722,0.9722222222222222,,
boundary,gridish,9,0.0,Topological,0.9861084314103801,0.9861111111111112,,
boundary,gridish,9,0.0,Complexity,1.0,1.0,,
boundary,gridish,9,0.0,Operational,0.9583252942311403,0.9583333333333333,,
boundary,gridish,9,0.0,All,0.9861084314103801,0.9861111111111112,,
boundary,gridish,9,0.2,Topological,0.9861084314103801,0.9861111111111112,,
boundary,gridish,9,0.2,Complexity,1.0,1.0,,
boundary,gridish,9,0.2,Operational,0.9722007722007722,0.9722222222222222,,
boundary,gridish,9,0.2,All,0.9861084314103801,0.9861111111111112,,
boundary,gridish,9,0.4,Topological,0.9861084314103801,0.9861111111111112,,
boundary,gridish,9,0.4,Complexity,0.9861084314103801,0.9861111111111112,,
boundary,gridish,9,0.4,Operational,0.9722222222222222,0.9722222222222222,,
boundary,gridish,9,0.4,All,0.9861084314103801,0.9861111111111112,,
boundary,gridish,9,0.6,Topological,0.9861084314103801,0.9861111111111112,,
boundary,gridish,9,0.6,Complexity,1.0,1.0,,
boundary,gridish,9,0.6,Operational,0.9583252942311403,0.9583333333333333,,
boundary,gridish,9,0.6,All,0.9861084314103801,0.9861111111111112,,
boundary,gridish,9,0.8,Topological,0.9861084314103801,0.9861111111111112,,
boundary,gridish,9,0.8,Complexity,0.9861084314103801,0.9861111111111112,,
boundary,gridish,9,0.8,Operational,0.9583252942311403,0.9583333333333333,,
boundary,gridish,9,0.8,All,0.9861084314103801,0.9861111111111112,,
boundary,gridish,9,1.0,Topological,0.9861084314103801,0.9861111111111112,,
boundary,gridish,9,1.0,Complexity,0.9861084314103801,0.9861111111111112,,
boundary,gridish,9,1.0,Operational,0.9164086687306502,0.9166666666666667,,
boundary,gridish,9,1.0,All,0.9861084314103801,0.9861111111111112,,
scale,gridish,0,0.0,Topological,0.047619047619047616,0.16666666666666666,1.8333333333333333,0.5
scale,gridish,0,0.0,Complexity,0.842717308466027,0.84375,0.17708333333333334,0.9861111111111112
scale,gridish,0,0.0,Operational,0.7552652512672031,0.7638888888888888,0.3506944444444444,0.9097222222222222
scale,gridish,0,0.0,All,0.9516091816843697,0.9513888888888888,0.05555555555555555,0.9930555555555556
scale,gridish,0,0.2,Topological,0.047619047619047616,0.16666666666666666,1.8333333333333333,0.5
scale,gridish,0,0.2,Complexity,0.6590527619982701,0.6666666666666666,0.6145833333333334,0.8263888888888888
scale,gridish,0,0.2,Operational,0.5014685464390602,0.5277777777777778,0.6458333333333334,0.8715277777777778
scale,gridish,0,0.2,All,0.7706792119454695,0.7708333333333334,0.2743055555555556,0.9548611111111112
scale,gridish,0,0.4,Topological,0.047619047619047616,0.16666666666666666,1.8333333333333333,0.5
scale,gridish,0,0.4,Complexity,0.5059064561102374,0.5069444444444445,0.8159722222222222,0.7638888888888888
scale,gridish,0,0.4,Operational,0.38531429584061155,0.40972222222222215,0.9548611111111112,0.7395833333333334
scale,gridish,0,0.4,All,0.5893440842744854,0.6006944444444444,0.5486111111111112,0.8784722222222222
scale,gridish,0,0.6,Topological,0.047619047619047616,0.16666666666666666,1.8333333333333333,0.5
scale,gridish,0,0.6,Complexity,0.4421105335435514,0.4444444444444444,0.9201388888888888,0.7465277777777778
scale,gridish,0,0.6,Operational,0.3149696103534316,0.3541666666666667,1.1805555555555556,0.65625
scale,gridish,0,0.6,All,0.538701781927162,0.5555555555555555,0.6736111111111112,0.8159722222222222
scale,gridish,0,0.8,Topological,0.047619047619047616,0.16666666666666666,1.8333333333333333,0.5
scale,gridish,0,0.8,Complexity,0.38168382647566484,0.3888888888888889,1.125,0.65625
scale,gridish,0,0.8,Operational,0.27174373902697607,0.2986111111111111,1.3298611111111112,0.5798611111111112
scale,gridish,0,0.8,All,0.4843673162593268,0.5277777777777778,0.7986111111111112,0.7534722222222222
scale,gridish,0,1.0,Topological,0.047619047619047616,0.16666666666666666,1.8333333333333333,0.5
scale,gridish,0,1.0,Complexity,0.379546201862586,0.3854166666666667,1.1319444444444444,0.6458333333333334
scale,gridish,0,1.0,Operational,0.28604570412401814,0.3125,1.2881944444444444,0.6006944444444444
scale,gridish,0,1.0,All,0.41970103591346564,0.4583333333333333,0.9791666666666666,0.6875
scale,gridish,1,0.0,Topological,0.047619047619047616,0.16666666666666666,1.5,0.5
scale,gridish,1,0.0,Complexity,0.8877395510175398,0.8888888888888888,0.13541666666666666,0.9791666666666666
scale,gridish,1,0.0,Operational,0.7918255699590478,0.795138888888889,0.3333333333333333,0.90625
scale,gridish,1,0.0,All,0.9651608732293554,0.9652777777777778,0.052083333333333336,0.9930555555555556
scale,gridish,1,0.2,Topological,0.047619047619047616,0.16666666666666666,1.5,0.5
scale,gridish,1,0.2,Complexity,0.638345562246491,0.6354166666666666,0.6215277777777778,0.8020833333333334
scale,gridish,1,0.2,Operational,0.516018788165594,0.5416666666666666,0.6597222222222222,0.8854166666666666
scale,gridish,1,0.2,All,0.7764692329075246,0.78125,0.24305555555555555,0.9861111111111112
scale,gridish,1,0.4,Topological,0.047619047619047616,0.16666666666666666,1.5,0.5
scale,gridish,1,0.4,Complexity,0.5309044935502377,0.5277777777777778,0.7951388888888888,0.78125
scale,gridish,1,0.4,Operational,0.35567970756828265,0.40972222222222215,0.9201388888888888,0.7916666666666666
scale,gridish,1,0.4,All,0.5989706682983994,0.6076388888888888,0.5,0.9131944444444444
scale,gridish,1,0.6,Topological,0.047619047619047616,0.16666666666666666,1.5,0.5
scale,gridish,1,0.6,Complexity,0.48872046070321934,0.4861111111111111,0.8506944444444444,0.7430555555555556
scale,gridish,1,0.6,Operational,0.3325840389282688,0.37152777777777773,1.1354166666666667,0.6770833333333334
scale,gridish,1,0.6,All,0.5642852414324793,0.579861111111111,0.6527777777777778,0.8159722222222222
scale,gridish,1,0.8,Topological,0.047619047619047616,0.16666666666666666,1.5,0.5
scale,gridish,1,0.8,Complexity,0.4383117701720351,0.43402777777777773,1.0,0.6979166666666666
scale,gridish,1,0.8,Operational,0.28523421722439085,0.3194444444444445,1.2916666666666667,0.6041666666666666
scale,gridish,1,0.8,All,0.44729784952002066,0.4826388888888889,0.8784722222222222,0.7291666666666666
scale,gridish,1,1.0,Topological,0.047619047619047616,0.16666666666666666,1.5,0.5
scale,gridish,1,1.0,Complexity,0.36080886737521484,0.3680555555555555,1.0486111111111112,0.7152777777777778
scale,gridish,1,1.0,Operational,0.26185134983678676,0.2847222222222222,1.4027777777777777,0.5763888888888888
scale,gridish,1,1.0,All,0.40797828444263473,0.4513888888888889,1.0034722222222223,0.6875
scale,gridish,2,0.0,Topological,0.047619047619047616,0.16666666666666666,1.5,0.5
scale,gridish,2,0.0,Complexity,0.8486593015376341,0.8506944444444445,0.16319444444444445,0.9895833333333334
scale,gridish,2,0.0,Operational,0.8059148166164479,0.8055555555555555,0.3298611111111111,0.9131944444444444
scale,gridish,2,0.0,All,0.9513315831492717,0.9513888888888888,0.05555555555555555,0.9930555555555556
scale,gridish,2,0.2,Topological,0.047619047619047616,0.16666666666666666,1.5,0.5
scale,gridish,2,0.2,Complexity,0.649935585512243,0.6527777777777778,0.59375,0.84375
scale,gridish,2,0.2,Operational,0.508004830707551,0.5243055555555556,0.7326388888888888,0.8506944444444444
scale,gridish,2,0.2,All,0.7872234268831955,0.7881944444444445,0.25,0.9652777777777778
scale,gridish,2,0.4,Topological,0.047619047619047616,0.16666666666666666,1.5,0.5
scale,gridish,2,0.4,Complexity,0.4867510064784581,0.48611111111111116,0.8298611111111112,0.7673611111111112
scale,gridish,2,0.4,Operational,0.41287119764946856,0.4375,0.9548611111111112,0.7395833333333334
scale,gridish,2,0.4,All,0.5867447544062341,0.5972222222222222,0.5729166666666666,0.8645833333333334
scale,gridish,2,0.6,Topological,0.047619047619047616,0.16666666666666666,1.5,0.5
scale,gridish,2,0.6,Complexity,0.48273271282260843,0.4861111111111111,0.8888888888888888,0.71875
scale,gridish,2,0.6,Operational,0.3108413967265727,0.3368055555555556,1.1875,0.6770833333333334
scale,gridish,2,0.6,All,0.5509697635380421,0.5833333333333334,0.6840277777777778,0.8055555555555556
scale,gridish,2,0.8,Topological,0.047619047619047616,0.16666666666666666,1.5,0.5
scale,gridish,2,0.8,Complexity,0.41722609114558273,0.4201388888888889,0.9756944444444444,0.7465277777777778
scale,gridish,2,0.8,Operational,0.29459631378741113,0.3229166666666667,1.3159722222222223,0.6145833333333334
scale,gridish,2,0.8,All,0.48354912898372077,0.5243055555555555,0.8333333333333334,0.7361111111111112
scale,gridish,2,1.0,Topological,0.047619047619047616,0.16666666666666666,1.5,0.5
scale,gridish,2,1.0,Complexity,0.38687685672737676,0.3888888888888889,1.125,0.65625
scale,gridish,2,1.0,Operational,0.27833577735636533,0.3020833333333333,1.4479166666666667,0.5555555555555556
scale,gridish,2,1.0,All,0.40819757360853254,0.4583333333333333,1.0486111111111112,0.65625
scale,gridish,3,0.0,Topological,0.047619047619047616,0.16666666666666666,1.5,0.5
scale,gridish,3,0.0,Complexity,0.805969373606861,0.8125,0.2152777777777778,0.9791666666666666
scale,gridish,3,0.0,Operational,0.7585033996202828,0.7638888888888888,0.3263888888888889,0.9236111111111112
scale,gridish,3,0.0,All,0.915064668428682,0.9166666666666669,0.10069444444444445,0.9861111111111112
scale,gridish,3,0.2,Topological,0.047619047619047616,0.16666666666666666,1.5,0.5
scale,gridish,3,0.2,Complexity,0.5667978204860536,0.5694444444444445,0.7881944444444444,0.7743055555555556
scale,gridish,3,0.2,Operational,0.5038060283384078,0.5243055555555555,0.6527777777777778,0.8715277777777778
scale,gridish,3,0.2,All,0.757430509296036,0.7569444444444445,0.2847222222222222,0.9618055555555556
scale,gridish,3,0.4,Topological,0.047619047619047616,0.16666666666666666,1.5,0.5
scale,gridish,3,0.4,Complexity,0.4746320502518408,0.4791666666666667,0.9270833333333334,0.7326388888888888
scale,gridish,3,0.4,Operational,0.3635877426655106,0.3958333333333333,0.9513888888888888,0.7638888888888888
scale,gridish,3,0.4,All,0.611445093200483,0.6145833333333334,0.5034722222222222,0.8923611111111112
scale,gridish,3,0.6,Topological,0.047619047619047616,0.16666666666666666,1.5,0.5
scale,gridish,3,0.6,Complexity,0.38635026741326106,0.3854166666666667,1.0173611111111112,0.7326388888888888
scale,gridish,3,0.6,Operational,0.3543260804746707,0.3819444444444444,1.0590277777777777,0.6875
scale,gridish,3,0.6,All,0.5183115582965104,0.5347222222222222,0.7256944444444444,0.7847222222222222
scale,gridish,3,0.8,Topological,0.047619047619047616,0.16666666666666666,1.5,0.5
scale,gridish,3,0.8,Complexity,0.33703451321264016,0.34027777777777785,1.1527777777777777,0.6666666666666666
scale,gridish,3,0.8,Operational,0.32406871406871407,0.34375,1.2291666666666667,0.6145833333333334
scale,gridish,3,0.8,All,0.4675943590296918,0.4895833333333333,0.8368055555555556,0.7465277777777778
scale,gridish,3,1.0,Topological,0.047619047619047616,0.16666666666666666,1.5,0.5
scale,gridish,3,1.0,Complexity,0.3717009869709084,0.375,1.1215277777777777,0.6631944444444444
scale,gridish,3,1.0,Operational,0.28870296200501877,0.3020833333333333,1.375,0.5555555555555556
scale,gridish,3,1.0,All,0.4523430035187446,0.4791666666666667,0.9236111111111112,0.6979166666666666
scale,gridish,4,0.0,Topological,0.047619047619047616,0.16666666666666666,1.8333333333333333,0.5
scale,gridish,4,0.0,Complexity,0.8631133767249338,0.8611111111111112,0.1875,0.9652777777777778
scale,gridish,4,0.0,Operational,0.7822652458369777,0.7847222222222222,0.3020833333333333,0.9340277777777778
scale,gridish,4,0.0,All,0.9479079619348817,0.9479166666666669,0.05555555555555555,0.9965277777777778
scale,gridish,4,0.2,Topological,0.047619047619047616,0.16666666666666666,1.8333333333333333,0.5
scale,gridish,4,0.2,Complexity,0.6801398423747672,0.6805555555555555,0.5486111111111112,0.8541666666666666
scale,gridish,4,0.2,Operational,0.513572852368761,0.5277777777777778,0.6423611111111112,0.8854166666666666
scale,gridish,4,0.2,All,0.7634851197088829,0.7604166666666666,0.2604166666666667,0.9791666666666666
scale,gridish,4,0.4,Topological,0.047619047619047616,0.16666666666666666,1.8333333333333333,0.5
scale,gridish,4,0.4,Complexity,0.5396812858240331,0.5381944444444444,0.8125,0.7534722222222222
scale,gridish,4,0.4,Operational,0.37499472875468487,0.3923611111111111,0.9340277777777778,0.7743055555555556
scale,gridish,4,0.4,All,0.6250121981410434,0.6354166666666666,0.4826388888888889,0.9027777777777778
scale,gridish,4,0.6,Topological,0.047619047619047616,0.16666666666666666,1.8333333333333333,0.5
scale,gridish,4,0.6,Complexity,0.4969472267581873,0.49652777777777773,0.8923611111111112,0.7326388888888888
scale,gridish,4,0.6,Operational,0.37170644292625526,0.3854166666666667,1.0972222222222223,0.6840277777777778
scale,gridish,4,0.6,All,0.5569826466388269,0.579861111111111,0.6493055555555556,0.8125
scale,gridish,4,0.8,Topological,0.047619047619047616,0.16666666666666666,1.8333333333333333,0.5
scale,gridish,4,0.8,Complexity,0.41515954190413157,0.4236111111111111,1.0763888888888888,0.6770833333333334
scale,gridish,4,0.8,Operational,0.33667037165055125,0.3368055555555556,1.2847222222222223,0.6180555555555556
scale,gridish,4,0.8,All,0.4644958657694506,0.4930555555555555,0.8819444444444444,0.7256944444444444
scale,gridish,4,1.0,Topological,0.047619047619047616,0.16666666666666666,1.8333333333333333,0.5
scale,gridish,4,1.0,Complexity,0.3914422385283614,0.3958333333333333,1.1736111111111112,0.6458333333333334
scale,gridish,4,1.0,Operational,0.3098908508699197,0.3125,1.3368055555555556,0.5902777777777778
scale,gridish,4,1.0,All,0.45893796217248983,0.4861111111111111,0.9444444444444444,0.6944444444444444
scale,gridish,5,0.0,Topological,0.047619047619047616,0.16666666666666666,1.5,0.5
scale,gridish,5,0.0,Complexity,0.8537035418975544,0.8506944444444445,0.16666666666666666,0.9861111111111112
scale,gridish,5,0.0,Operational,0.7685775461701206,0.7743055555555557,0.3611111111111111,0.90625
scale,gridish,5,0.0,All,0.9366039465577556,0.9375,0.0763888888888889,0.9861111111111112
scale,gridish,5,0.2,Topological,0.047619047619047616,0.16666666666666666,1.5,0.5
scale,gridish,5,0.2,Complexity,0.6267584374819397,0.625,0.5798611111111112,0.84375
scale,gridish,5,0.2,Operational,0.5230595504590942,0.5416666666666666,0.6493055555555556,0.875
scale,gridish,5,0.2,All,0.7784699354143799,0.7777777777777777,0.2569444444444444,0.9652777777777778
scale,gridish,5,0.4,Topological,0.047619047619047616,0.16666666666666666,1.5,0.5
scale,gridish,5,0.4,Complexity,0.509047813664397,0.5034722222222222,0.7708333333333334,0.7951388888888888
scale,gridish,5,0.4,Operational,0.4046791576244176,0.4305555555555556,0.9131944444444444,0.7638888888888888
scale,gridish,5,0.4,All,0.6526765732105749,0.65625,0.4583333333333333,0.90625
scale,gridish,5,0.6,Topological,0.047619047619047616,0.16666666666666666,1.5,0.5
scale,gridish,5,0.6,Complexity,0.48593466789206735,0.4861111111111111,0.9097222222222222,0.7430555555555556
scale,gridish,5,0.6,Operational,0.3545883210716381,0.3819444444444445,1.125,0.6701388888888888
scale,gridish,5,0.6,All,0.5825414949640987,0.6006944444444444,0.6180555555555556,0.8298611111111112
scale,gridish,5,0.8,Topological,0.047619047619047616,0.16666666666666666,1.5,0.5
scale,gridish,5,0.8,Complexity,0.4207996347973997,0.4236111111111111,0.9930555555555556,0.7083333333333334
scale,gridish,5,0.8,Operational,0.3075570201793401,0.34027777777777773,1.3333333333333333,0.59375
scale,gridish,5,0.8,All,0.4737690566280066,0.5069444444444444,0.8645833333333334,0.7326388888888888
scale,gridish,5,1.0,Topological,0.047619047619047616,0.16666666666666666,1.5,0.5
scale,gridish,5,1.0,Complexity,0.3563263167118726,0.3576388888888889,1.1805555555555556,0.6631944444444444
scale,gridish,5,1.0,Operational,0.3029549067284916,0.3229166666666667,1.3958333333333333,0.5486111111111112
scale,gridish,5,1.0,All,0.44445843020946735,0.46875,1.0069444444444444,0.6805555555555556
scale,gridish,6,0.0,Topological,0.047619047619047616,0.16666666666666666,1.8333333333333333,0.5
scale,gridish,6,0.0,Complexity,0.8435023603807634,0.84375,0.1909722222222222,0.9756944444444444
scale,gridish,6,0.0,Operational,0.7652942211449498,0.7673611111111112,0.3680555555555556,0.9027777777777778
scale,gridish,6,0.0,All,0.9098369796657085,0.9097222222222222,0.11458333333333333,0.9861111111111112
scale,gridish,6,0.2,Topological,0.047619047619047616,0.16666666666666666,1.8333333333333333,0.5
scale,gridish,6,0.2,Complexity,0.6731206007003884,0.6701388888888888,0.5208333333333334,0.8819444444444444
scale,gridish,6,0.2,Operational,0.5032138813296146,0.5243055555555555,0.6840277777777778,0.8715277777777778
scale,gridish,6,0.2,All,0.7117674611389032,0.7083333333333334,0.3194444444444444,0.9756944444444444
scale,gridish,6,0.4,Topological,0.047619047619047616,0.16666666666666666,1.8333333333333333,0.5
scale,gridish,6,0.4,Complexity,0.5121619087024287,0.5104166666666666,0.7673611111111112,0.8263888888888888
scale,gridish,6,0.4,Operational,0.40097153017923737,0.42013888888888884,0.9375,0.7743055555555556
scale,gridish,6,0.4,All,0.6095364370508216,0.611111111111111,0.46875,0.9270833333333334
scale,gridish,6,0.6,Topological,0.047619047619047616,0.16666666666666666,1.8333333333333333,0.5
scale,gridish,6,0.6,Complexity,0.444658960498633,0.44097222222222227,0.9131944444444444,0.7534722222222222
scale,gridish,6,0.6,Operational,0.33892887638063507,0.3611111111111111,1.1319444444444444,0.6875
scale,gridish,6,0.6,All,0.5112722392429915,0.5381944444444444,0.6909722222222222,0.8125
scale,gridish,6,0.8,Topological,0.047619047619047616,0.16666666666666666,1.8333333333333333,0.5
scale,gridish,6,0.8,Complexity,0.46689262155988365,0.45833333333333326,0.9409722222222222,0.7291666666666666
scale,gridish,6,0.8,Operational,0.3129507749534197,0.3229166666666667,1.2604166666666667,0.6527777777777778
scale,gridish,6,0.8,All,0.4812242684971992,0.5034722222222222,0.8090277777777778,0.75
scale,gridish,6,1.0,Topological,0.047619047619047616,0.16666666666666666,1.8333333333333333,0.5
scale,gridish,6,1.0,Complexity,0.4277911255788596,0.4201388888888889,0.9375,0.7673611111111112
scale,gridish,6,1.0,Operational,0.29013883329775364,0.3125,1.3020833333333333,0.6111111111111112
scale,gridish,6,1.0,All,0.40511124773211765,0.4444444444444444,0.9756944444444444,0.6909722222222222
scale,gridish,7,0.0,Topological,0.047619047619047616,0.16666666666666666,1.5,0.5
scale,gridish,7,0.0,Complexity,0.8814735776978339,0.8819444444444445,0.1284722222222222,0.9930555555555556
scale,gridish,7,0.0,Operational,0.7798469983500788,0.7847222222222223,0.3298611111111111,0.9097222222222222
scale,gridish,7,0.0,All,0.961617435597475,0.9618055555555555,0.05555555555555555,0.9895833333333334
scale,gridish,7,0.2,Topological,0.047619047619047616,0.16666666666666666,1.5,0.5
scale,gridish,7,0.2,Complexity,0.655402667889768,0.65625,0.5833333333333334,0.8298611111111112
scale,gridish,7,0.2,Operational,0.5098301499537531,0.5347222222222222,0.6423611111111112,0.8680555555555556
scale,gridish,7,0.2,All,0.8102889315381053,0.8125,0.20833333333333334,0.9791666666666666
scale,gridish,7,0.4,Topological,0.047619047619047616,0.16666666666666666,1.5,0.5
scale,gridish,7,0.4,Complexity,0.5154355674366989,0.5208333333333334,0.7951388888888888,0.7847222222222222
scale,gridish,7,0.4,Operational,0.3638596807276704,0.3993055555555556,0.9965277777777778,0.7430555555555556
scale,gridish,7,0.4,All,0.6469877390110002,0.65625,0.4444444444444444,0.90625
scale,gridish,7,0.6,Topological,0.047619047619047616,0.16666666666666666,1.5,0.5
scale,gridish,7,0.6,Complexity,0.47076129303090836,0.46874999999999994,0.9201388888888888,0.7361111111111112
scale,gridish,7,0.6,Operational,0.35533630049759085,0.37847222222222227,1.1631944444444444,0.6631944444444444
scale,gridish,7,0.6,All,0.5395178505955373,0.5763888888888888,0.6284722222222222,0.8298611111111112
scale,gridish,7,0.8,Topological,0.047619047619047616,0.16666666666666666,1.5,0.5
scale,gridish,7,0.8,Complexity,0.3864002223506077,0.3854166666666667,1.0694444444444444,0.6805555555555556
scale,gridish,7,0.8,Operational,0.3551864542241447,0.375,1.2152777777777777,0.6284722222222222
scale,gridish,7,0.8,All,0.5349210062156103,0.5659722222222222,0.7395833333333334,0.7673611111111112
scale,gridish,7,1.0,Topological,0.047619047619047616,0.16666666666666666,1.5,0.5
scale,gridish,7,1.0,Complexity,0.3917122664681692,0.39236111111111116,1.1319444444444444,0.6701388888888888
scale,gridish,7,1.0,Operational,0.347650291344924,0.3541666666666667,1.2395833333333333,0.6215277777777778
scale,gridish,7,1.0,All,0.4439070440270129,0.4861111111111111,0.9479166666666666,0.6840277777777778
scale,gridish,8,0.0,Topological,0.047619047619047616,0.16666666666666666,1.8333333333333333,0.5
scale,gridish,8,0.0,Complexity,0.8491023999891003,0.8506944444444445,0.18055555555555555,0.9756944444444444
scale,gridish,8,0.0,Operational,0.7861003117987077,0.7881944444444445,0.3125,0.9270833333333334
scale,gridish,8,0.0,All,0.9723886871703221,0.9722222222222222,0.03125,0.9965277777777778
scale,gridish,8,0.2,Topological,0.047619047619047616,0.16666666666666666,1.8333333333333333,0.5
scale,gridish,8,0.2,Complexity,0.6544018104301793,0.6597222222222222,0.5868055555555556,0.8333333333333334
scale,gridish,8,0.2,Operational,0.5303484791561138,0.5486111111111112,0.6423611111111112,0.8715277777777778
scale,gridish,8,0.2,All,0.7946484943600077,0.795138888888889,0.22569444444444445,0.9791666666666666
scale,gridish,8,0.4,Topological,0.047619047619047616,0.16666666666666666,1.8333333333333333,0.5
scale,gridish,8,0.4,Complexity,0.516875848497843,0.5138888888888888,0.7881944444444444,0.7777777777777778
scale,gridish,8,0.4,Operational,0.39804942781219693,0.4270833333333333,0.9305555555555556,0.78125
scale,gridish,8,0.4,All,0.6278100443595055,0.6423611111111112,0.4479166666666667,0.9270833333333334
scale,gridish,8,0.6,Topological,0.047619047619047616,0.16666666666666666,1.8333333333333333,0.5
scale,gridish,8,0.6,Complexity,0.47493982496093096,0.4756944444444444,0.8472222222222222,0.75
scale,gridish,8,0.6,Operational,0.35746359131909006,0.3854166666666667,1.1215277777777777,0.7083333333333334
scale,gridish,8,0.6,All,0.5712711088805268,0.5972222222222222,0.5833333333333334,0.8576388888888888
scale,gridish,8,0.8,Topological,0.047619047619047616,0.16666666666666666,1.8333333333333333,0.5
scale,gridish,8,0.8,Complexity,0.45943581819226503,0.4583333333333333,0.8923611111111112,0.7673611111111112
scale,gridish,8,0.8,Operational,0.28454603982355403,0.31597222222222227,1.3680555555555556,0.5972222222222222
scale,gridish,8,0.8,All,0.5225056128384911,0.5520833333333334,0.7951388888888888,0.7465277777777778
scale,gridish,8,1.0,Topological,0.047619047619047616,0.16666666666666666,1.8333333333333333,0.5
scale,gridish,8,1.0,Complexity,0.40761273714813545,0.4131944444444445,0.9652777777777778,0.7118055555555556
scale,gridish,8,1.0,Operational,0.33094980086595044,0.34722222222222227,1.3194444444444444,0.5902777777777778
scale,gridish,8,1.0,All,0.45380596195084966,0.5,0.9270833333333334,0.6979166666666666
scale,gridish,9,0.0,Topological,0.047619047619047616,0.16666666666666666,2.5,0.3333333333333333
scale,gridish,9,0.0,Complexity,0.8715023548415192,0.8715277777777778,0.13541666666666666,0.9965277777777778
scale,gridish,9,0.0,Operational,0.7511173314067175,0.7534722222222222,0.3472222222222222,0.9201388888888888
scale,gridish,9,0.0,All,0.9513677811550151,0.9513888888888888,0.05555555555555555,0.9965277777777778
scale,gridish,9,0.2,Topological,0.047619047619047616,0.16666666666666666,2.5,0.3333333333333333
scale,gridish,9,0.2,Complexity,0.6805611277540887,0.6805555555555557,0.5694444444444444,0.84375
scale,gridish,9,0.2,Operational,0.49915694821968,0.517361111111111,0.6875,0.8541666666666666
scale,gridish,9,0.2,All,0.8051254652588954,0.8055555555555557,0.22916666666666666,0.9756944444444444
scale,gridish,9,0.4,Topological,0.047619047619047616,0.16666666666666666,2.5,0.3333333333333333
scale,gridish,9,0.4,Complexity,0.5221189709966076,0.5243055555555555,0.7986111111111112,0.7743055555555556
scale,gridish,9,0.4,Operational,0.4092417630259872,0.4375,0.9027777777777778,0.7708333333333334
scale,gridish,9,0.4,All,0.6304968853947093,0.6458333333333334,0.4861111111111111,0.8993055555555556
scale,gridish,9,0.6,Topological,0.047619047619047616,0.16666666666666666,2.5,0.3333333333333333
scale,gridish,9,0.6,Complexity,0.4762519042704801,0.4826388888888889,0.9513888888888888,0.71875
scale,gridish,9,0.6,Operational,0.3094142603542702,0.34722222222222227,1.1527777777777777,0.65625
scale,gridish,9,0.6,All,0.5402407633034646,0.5590277777777778,0.6979166666666666,0.7951388888888888
scale,gridish,9,0.8,Topological,0.047619047619047616,0.16666666666666666,2.5,0.3333333333333333
scale,gridish,9,0.8,Complexity,0.42228724064410844,0.4236111111111111,0.96875,0.71875
scale,gridish,9,0.8,Operational,0.3123897577665222,0.3333333333333333,1.2638888888888888,0.6284722222222222
scale,gridish,9,0.8,All,0.49190995162513446,0.513888888888889,0.7777777777777778,0.7673611111111112
scale,gridish,9,1.0,Topological,0.047619047619047616,0.16666666666666666,2.5,0.3333333333333333
scale,gridish,9,1.0,Complexity,0.3572630625520554,0.3576388888888889,1.1805555555555556,0.6388888888888888
scale,gridish,9,1.0,Operational,0.24324283862990392,0.2673611111111111,1.4305555555555556,0.5590277777777778
scale,gridish,9,1.0,All,0.43327168201161625,0.46527777777777773,0.9548611111111112,0.6979166666666666
