task,label,label_name,boundary,topology_family,pair_id,local_sample_idx,logical_seed,transpile_seed,num_qubits,n_steps,logical_depth,logical_twoq,routed_depth,extra_twoq,extra_depth,swap_equiv,transpile_ms,verif_passed,verif_tvd,verif_fidelity
boundary,0,dirichlet,dirichlet,line,line_boundary_pair_00000,0,6882799,5532388,16,5,47,33,61,11,14,9,104.90117146903481,True,0.0021987411415167147,0.9828019387602894
boundary,1,periodic,periodic,line,line_boundary_pair_00000,0,6882799,8727148,16,5,47,33,77,8,30,4,104.50711539416243,True,0.007564828045790986,0.9517933398785855
boundary,0,dirichlet,dirichlet,line,line_boundary_pair_00001,1,872328,1294315,16,5,53,27,84,8,31,5,102.07448034678715,True,0.004734725998880201,0.9789008452431986
boundary,1,periodic,periodic,line,line_boundary_pair_00001,1,872328,9179253,16,5,53,27,69,4,16,3,94.90128241346174,True,0.007841951815836376,0.9771359058205252
boundary,0,dirichlet,dirichlet,line,line_boundary_pair_00002,2,9494318,737954,16,5,39,33,64,6,25,5,61.56499511807034,True,0.005356283016279729,0.9796970705777935
boundary,1,periodic,periodic,line,line_boundary_pair_00002,2,9494318,7563493,16,5,39,33,57,5,18,4,97.13458356099747,True,0.007646859417017194,0.9727004525864286
boundary,0,dirichlet,dirichlet,line,line_boundary_pair_00003,3,6990607,5680820,16,5,76,36,128,10,52,5,97.12441129154294,True,0.003740563142970588,0.9590687856164022
boundary,1,periodic,periodic,line,line_boundary_pair_00003,3,6990607,3201078,16,5,76,36,108,9,32,5,89.62573645271648,True,0.005227809224354532,0.9673699700990975
boundary,0,dirichlet,dirichlet,line,line_boundary_pair_00004,4,2772605,1498339,16,5,41,35,64,10,23,7,102.60012496555612,True,0.007825723623352706,0.9728539883742782
boundary,1,periodic,periodic,line,line_boundary_pair_00004,4,2772605,7184872,16,5,41,35,58,8,17,4,103.6592979686275,True,0.009380046537826776,0.9801042611051757
boundary,0,dirichlet,dirichlet,line,line_boundary_pair_00005,5,3198156,5661064,16,5,44,47,58,12,14,10,102.81703821836632,True,0.00654447761766892,0.9821650996196429
boundary,1,periodic,periodic,line,line_boundary_pair_00005,5,3198156,2235883,16,5,44,47,70,13,26,7,76.0942447697345,True,0.006235372257187584,0.9947141480785492
boundary,0,dirichlet,dirichlet,line,line_boundary_pair_00006,6,308617,6214638,16,5,74,38,120,7,46,5,106.57573870192604,True,0.008117615854869803,0.9972750229543637
boundary,1,periodic,periodic,line,line_boundary_pair_00006,6,308617,8741022,16,5,74,38,117,8,43,5,84.52424482099659,True,0.0071064413676485225,0.9531039409856187
boundary,0,dirichlet,dirichlet,line,line_boundary_pair_00007,7,3948401,3877809,16,5,34,39,50,12,16,6,115.53374931434459,True,0.0036072508719263616,0.9973586526961107
boundary,1,periodic,periodic,line,line_boundary_pair_00007,7,3948401,2664749,16,5,34,39,52,15,18,13,88.21480605082006,True,0.004384878421873746,0.952190607137886
boundary,0,dirichlet,dirichlet,line,line_boundary_pair_00008,8,7246813,1203920,16,5,35,48,58,12,23,9,93.56133369552008,True,0.009610207057580677,0.959826592652226
boundary,1,periodic,periodic,line,line_boundary_pair_00008,8,7246813,2899033,16,5,35,48,59,18,24,14,108.8282990465608,True,0.005273143195647327,0.9609339622255499
boundary,0,dirichlet,dirichlet,line,line_boundary_pair_00009,9,8298852,3045529,16,5,54,37,71,11,17,8,87.66352634117706,True,0.007013280456552971,0.9697207757228675
boundary,1,periodic,periodic,line,line_boundary_pair_00009,9,8298852,1449991,16,5,54,37,91,14,37,9,119.75438255030056,True,0.007753581512804916,0.9654689968648723
boundary,0,dirichlet,dirichlet,line,line_boundary_pair_00010,10,6747741,9000789,16,5,30,30,40,9,10,6,104.59021597026845,True,0.008370537525337046,0.9891426008143706
boundary,1,periodic,periodic,line,line_boundary_pair_00010,10,6747741,5830395,16,5,30,30,45,7,15,5,115.8199946806478,True,0.0018610924280853321,0.9756827124943598
boundary,0,dirichlet,dirichlet,line,line_boundary_pair_00011,11,7083610,1901740,16,5,51,24,74,5,23,4,94.62489771968167,True,0.004038582592471354,0.9958845981303369
boundary,1,periodic,periodic,line,line_boundary_pair_00011,11,7083610,2707184,16,5,51,24,67,9,16,7,90.28687291547261,True,0.006390892092029274,0.954527012941523
boundary,0,dirichlet,dirichlet,line,line_boundary_pair_00012,12,5875293,1094316,16,5,64,22,97,8,33,5,106.09716215857627,True,0.0036499267690962445,0.982765890578023
boundary,1,periodic,periodic,line,line_boundary_pair_00012,12,5875293,1035891,16,5,64,22,88,4,24,3,76.30576738891185,True,0.0003724399328901114,0.991906826491062
boundary,0,dirichlet,dirichlet,line,line_boundary_pair_00013,13,7611432,5277420,16,5,70,24,95,3,25,2,94.53176280197465,True,0.007219682979751233,0.978109899637449
boundary,1,periodic,periodic,line,line_boundary_pair_00013,13,7611432,6390459,16,5,70,24,100,6,30,5,78.07665734123776,True,0.004358018477645022,0.9950975028315796
boundary,0,dirichlet,dirichlet,line,line_boundary_pair_00014,14,9017497,6210958,16,5,69,24,111,6,42,4,78.7193719367879,True,0.002627559857388923,0.964755164234676
boundary,1,periodic,periodic,line,line_boundary_pair_00014,14,9017497,4608474,16,5,69,24,90,7,21,5,103.20468822268707,True,0.0007831751668668815,0.996945147573105
boundary,0,dirichlet,dirichlet,line,line_boundary_pair_00015,15,5596526,6835735,16,5,53,46,75,16,22,12,115.87756450676767,True,0.005205028117978889,0.9731183532983125
boundary,1,periodic,periodic,line,line_boundary_pair_00015,15,5596526,5149534,16,5,53,46,75,7,22,6,92.79433763529516,True,0.001365881332101934,0.9882007828507414
boundary,0,dirichlet,dirichlet,line,line_boundary_pair_00016,16,49976,9784404,16,5,35,24,48,7,13,4,84.5509799364138,True,0.00011459083865448302,0.986394305224991
boundary,1,periodic,periodic,line,line_boundary_pair_00016,16,49976,8080552,16,5,35,24,48,9,13,6,88.76452793567357,True,0.008499411252996195,0.9710891969309791
boundary,0,dirichlet,dirichlet,line,line_boundary_pair_00017,17,9232689,1531064,16,5,59,49,82,17,23,10,111.75085763923893,True,0.008086265844977918,0.9991444342978476
boundary,1,periodic,periodic,line,line_boundary_pair_00017,17,9232689,3685104,16,5,59,49,85,16,26,11,96.22691670933257,True,0.0038688278434925714,0.9706820388054133
boundary,0,dirichlet,dirichlet,line,line_boundary_pair_00018,18,9833673,6007509,16,5,61,46,91,9,30,5,109.75675138804209,True,0.003035943130838714,0.985649765787155
boundary,1,periodic,periodic,line,line_boundary_pair_00018,18,9833673,4630232,16,5,61,46,81,15,20,10,77.45379547360272,True,0.0018036833700230681,0.9985237579521011
boundary,0,dirichlet,dirichlet,line,line_boundary_pair_00019,19,8147047,9946749,16,5,44,26,73,6,29,4,96.92614312338837,True,0.0006137634652322678,0.9570943052905243
boundary,1,periodic,periodic,line,line_boundary_pair_00019,19,8147047,7245136,16,5,44,26,68,5,24,2,98.98183341890535,True,0.007041581629743572,0.986280132404608
boundary,0,dirichlet,dirichlet,line,line_boundary_pair_00020,20,7432300,296063,16,5,30,36,40,8,10,6,94.01272310724457,True,0.007995718869318274,0.9807340045922683
boundary,1,periodic,periodic,line,line_boundary_pair_00020,20,7432300,4672412,16,5,30,36,40,12,10,8,104.4977642765612,True,0.008189568605954293,0.9772668727722845
boundary,0,dirichlet,dirichlet,line,line_boundary_pair_00021,21,9412528,5604327,16,5,69,38,98,9,29,6,107.380282719892,True,0.005571800049613599,0.9697880287312991
boundary,1,periodic,periodic,line,line_boundary_pair_00021,21,9412528,5128643,16,5,69,38,113,6,44,3,92.1094773599863,True,0.006287788942243537,0.9657958282968667
boundary,0,dirichlet,dirichlet,line,line_boundary_pair_00022,22,19477,3432207,16,5,66,27,102,5,36,3,100.40581061033427,True,0.002550349724090078,0.9581244709788754
boundary,1,periodic,periodic,line,line_boundary_pair_00022,22,19477,92036,16,5,66,27,86,5,20,3,101.52791059569779,True,0.00359428918417833,0.9810024932075755
boundary,0,dirichlet,dirichlet,line,line_boundary_pair_00023,23,8670304,1657888,16,5,34,44,52,16,18,9,91.96297805421554,True,0.006885894443896826,0.9665895622417207
boundary,1,periodic,periodic,line,line_boundary_pair_00023,23,8670304,4764812,16,5,34,44,49,7,15,6,74.3896306361058,True,0.007870132047292915,0.9866009886499559
boundary,0,dirichlet,dirichlet,line,line_boundary_pair_00024,24,1568146,2871656,16,5,58,43,82,17,24,14,80.07527572802424,True,0.009709697799556468,0.9556538448859004
boundary,1,periodic,periodic,line,line_boundary_pair_00024,24,1568146,3666344,16,5,58,43,92,10,34,7,101.16210578105844,True,0.002123961682100514,0.9759332427184347
boundary,0,dirichlet,dirichlet,line,line_boundary_pair_00025,25,59778,2173513,16,5,39,21,54,5,15,3,87.73897283366918,True,0.005994060646460181,0.9585883190808566
boundary,1,periodic,periodic,line,line_boundary_pair_00025,25,59778,2082963,16,5,39,21,51,8,12,5,106.53512366358866,True,0.006030541412788778,0.9811200740366842
boundary,0,dirichlet,dirichlet,line,line_boundary_pair_00026,26,289134,4982042,16,5,31,49,49,15,18,9,117.84867095861752,True,0.006139073429086909,0.9656140789712611
boundary,1,periodic,periodic,line,line_boundary_pair_00026,26,289134,6104128,16,5,31,49,47,10,16,8,115.20513610815794,True,0.0012589538100992697,0.9724093287760462
boundary,0,dirichlet,dirichlet,line,line_boundary_pair_00027,27,9223482,8249953,16,5,51,38,70,14,19,10,92.44868420009753,True,0.006312117060664367,0.9692421142919958
boundary,1,periodic,periodic,line,line_boundary_pair_00027,27,9223482,7446153,16,5,51,38,77,14,26,12,97.87585284766286,True,0.004050449644660104,0.9919061001725549
boundary,0,dirichlet,dirichlet,line,line_boundary_pair_00028,28,4469353,9838074,16,5,61,25,81,9,20,4,103.91333597023146,True,0.005175991303191583,0.971875410503535
boundary,1,periodic,periodic,line,line_boundary_pair_00028,28,4469353,7081905,16,5,61,25,84,9,23,6,104.45691028179107,True,0.007169121961443456,0.9545604351679556
boundary,0,dirichlet,dirichlet,line,line_boundary_pair_00029,29,221552,808301,16,5,52,34,67,11,15,6,86.25712126778136,True,0.0007190103278541729,0.9729011317781813
boundary,1,periodic,periodic,line,line_boundary_pair_00029,29,221552,4752989,16,5,52,34,80,11,28,8,87.52266687654333,True,0.009519758030750194,0.991840742508767
boundary,0,dirichlet,dirichlet,line,line_boundary_pair_00030,30,1730085,8127333,16,5,48,23,72,8,24,4,113.03734096583909,True,0.005262345339252114,0.9534160900947455
boundary,1,periodic,periodic,line,line_boundary_pair_00030,30,1730085,6766886,16,5,48,23,80,5,32,3,113.30936255900113,True,0.0027616497923837156,0.9683856011038373
boundary,0,dirichlet,dirichlet,line,line_boundary_pair_00031,31,3499701,9834858,16,5,66,28,106,4,40,2,115.81999868153144,True,0.005044374521681671,0.9766977726794868
boundary,1,periodic,periodic,line,line_boundary_pair_00031,31,3499701,344126,16,5,66,28,106,5,40,3,106.54122932690875,True,0.0029945927930807117,0.9721515807798682
boundary,0,dirichlet,dirichlet,line,line_boundary_pair_00032,32,8074444,5709635,16,5,33,41,43,11,10,7,89.7857338628987,True,0.007158304077802178,0.9505734744175759
boundary,1,periodic,periodic,line,line_boundary_pair_00032,32,8074444,3433372,16,5,33,41,55,10,22,5,86.47327619948769,True,0.0007978702618671321,0.959263770574572
boundary,0,dirichlet,dirichlet,line,line_boundary_pair_00033,33,673812,4969411,16,5,79,26,128,8,49,5,84.88279151893853,True,0.00257457376933645,0.9756987824195151
boundary,1,periodic,periodic,line,line_boundary_pair_00033,33,673812,1849395,16,5,79,26,113,7,34,4,83.24388786307381,True,0.008739094445213669,0.9913230297674165
boundary,0,dirichlet,dirichlet,line,line_boundary_pair_00034,34,5224237,7421289,16,5,61,42,87,16,26,10,86.49029322658487,True,0.003254228731359711,0.9950875663272832
boundary,1,periodic,periodic,line,line_boundary_pair_00034,34,5224237,8882600,16,5,61,42,99,7,38,4,88.49069364662202,True,0.008602286034564732,0.9837793450715422
boundary,0,dirichlet,dirichlet,line,line_boundary_pair_00035,35,8464848,898332,16,5,41,42,60,11,19,5,65.17554389950126,True,0.007247099352405227,0.9692017004993331
boundary,1,periodic,periodic,line,line_boundary_pair_00035,35,8464848,2744804,16,5,41,42,60,11,19,8,84.01450423966837,True,0.007350770385677954,0.9756951741606716
boundary,0,dirichlet,dirichlet,line,line_boundary_pair_00036,36,5182101,1725049,16,5,62,49,84,7,22,5,88.30515579308936,True,0.0023013769170068857,0.9759093060819323
boundary,1,periodic,periodic,line,line_boundary_pair_00036,36,5182101,1751797,16,5,62,49,86,14,24,7,95.68160490338059,True,0.0027492479087309046,0.966750124268649
boundary,0,dirichlet,dirichlet,line,line_boundary_pair_00037,37,6870679,7913490,16,5,37,30,54,8,17,5,87.29631507524532,True,0.007560586844382955,0.960162990174857
boundary,1,periodic,periodic,line,line_boundary_pair_00037,37,6870679,5386159,16,5,37,30,56,6,19,4,125.79769316653878,True,0.009456630468684486,0.9847617008337477
boundary,0,dirichlet,dirichlet,line,line_boundary_pair_00038,38,70463,5301572,16,5,58,26,91,4,33,2,111.23634766379604,True,0.00775256854092531,0.9974769572334115
boundary,1,periodic,periodic,line,line_boundary_pair_00038,38,70463,5890298,16,5,58,26,89,8,31,6,116.63182573713047,True,0.004795124707671842,0.9779778469174536
boundary,0,dirichlet,dirichlet,line,line_boundary_pair_00039,39,4860319,773952,16,5,55,47,87,17,32,13,115.9617127500207,True,0.002114021103847303,0.9563565821584169
boundary,1,periodic,periodic,line,line_boundary_pair_00039,39,4860319,1229458,16,5,55,47,83,10,28,7,98.50929504810365,True,0.008564242793658597,0.9940397378509401
boundary,0,dirichlet,dirichlet,line,line_boundary_pair_00040,40,6296450,1493551,16,5,40,40,62,10,22,5,79.92761397065316,True,0.007456507242350664,0.9923116013997911
boundary,1,periodic,periodic,line,line_boundary_pair_00040,40,6296450,7084364,16,5,40,40,67,11,27,7,98.69202026855277,True,0.008057763997415123,0.9716302644145062
boundary,0,dirichlet,dirichlet,line,line_boundary_pair_00041,41,4675519,6182719,16,5,58,46,85,7,27,3,123.1913525235206,True,0.003807355959683368,0.9684371485081659
boundary,1,periodic,periodic,line,line_boundary_pair_00041,41,4675519,1375645,16,5,58,46,83,7,25,6,112.16714888664868,True,0.002254907255847307,0.9830180459911528
boundary,0,dirichlet,dirichlet,line,line_boundary_pair_00042,42,9223048,3822727,16,5,57,47,76,8,19,4,121.53153678759028,True,0.005258624586033041,0.9674751292554274
boundary,1,periodic,periodic,line,line_boundary_pair_00042,42,9223048,906450,16,5,57,47,91,15,34,7,66.85972591264985,True,0.0062426904720145095,0.9870384340412345
boundary,0,dirichlet,dirichlet,line,line_boundary_pair_00043,43,8213062,1797519,16,5,57,28,83,6,26,3,108.12111353308882,True,0.00657591409657595,0.9943674834046065
boundary,1,periodic,periodic,line,line_boundary_pair_00043,43,8213062,5433001,16,5,57,28,88,8,31,4,121.62575141425079,True,0.004208215032460775,0.9855676060432199
boundary,0,dirichlet,dirichlet,line,line_boundary_pair_00044,44,5698618,1805518,16,5,69,32,101,6,32,5,131.16069993386864,True,0.0014231407559641284,0.972148573502223
boundary,1,periodic,periodic,line,line_boundary_pair_00044,44,5698618,4091685,16,5,69,32,116,8,47,5,121.31924474428749,True,0.005379188852863115,0.9817744096805119
boundary,0,dirichlet,dirichlet,line,line_boundary_pair_00045,45,9187266,4783725,16,5,59,48,83,11,24,6,106.94809438148684,True,0.0027198867665610377,0.983032250345214
boundary,1,periodic,periodic,line,line_boundary_pair_00045,45,9187266,955205,16,5,59,48,95,16,36,12,79.49293290309632,True,0.00788841257300236,0.9886057619882938
boundary,0,dirichlet,dirichlet,line,line_boundary_pair_00046,46,7493971,5061500,16,5,41,20,53,5,12,3,95.01044022473562,True,0.005617637978772781,0.9519450681009903
boundary,1,periodic,periodic,line,line_boundary_pair_00046,46,7493971,6010554,16,5,41,20,58,6,17,5,107.37313181315965,True,0.005190590296092459,0.9867378212381747
boundary,0,dirichlet,dirichlet,line,line_boundary_pair_00047,47,274535,3649279,16,5,42,25,67,4,25,3,109.0369914355135,True,0.00015661395547181397,0.9732447050858339
boundary,1,periodic,periodic,line,line_boundary_pair_00047,47,274535,953122,16,5,42,25,59,7,17,4,115.62778215622043,True,0.00032201630270434575,0.9679852986743601
boundary,0,dirichlet,dirichlet,line,line_boundary_pair_00048,48,8503197,2507743,16,5,77,40,100,8,23,6,88.44148128420728,True,0.005165193607161264,0.9502667734266328
boundary,1,periodic,periodic,line,line_boundary_pair_00048,48,8503197,6886940,16,5,77,40,112,15,35,9,93.98896646218914,True,0.007591628653978824,0.9720704608920117
boundary,0,dirichlet,dirichlet,line,line_boundary_pair_00049,49,1570889,1684449,16,5,72,44,110,9,38,7,105.51473939487133,True,0.002195195395841626,0.9996819923639942
boundary,1,periodic,periodic,line,line_boundary_pair_00049,49,1570889,1101267,16,5,72,44,112,17,40,13,68.49960238522564,True,0.009405324740501243,0.9751497878034566
boundary,0,dirichlet,dirichlet,ladder,ladder_boundary_pair_00000,0,7040906,1543812,16,5,47,46,68,14,21,12,102.3617188744115,True,0.009745051776033086,0.9534830526652699
boundary,1,periodic,periodic,ladder,ladder_boundary_pair_00000,0,7040906,4473447,16,5,47,46,75,13,28,10,92.70464659675281,True,0.0070808775411485775,0.9727130823875094
boundary,0,dirichlet,dirichlet,ladder,ladder_boundary_pair_00001,1,6139996,1807402,16,5,75,33,118,5,43,2,70.10171764884078,True,0.006888435375043076,0.995419630439901
boundary,1,periodic,periodic,ladder,ladder_boundary_pair_00001,1,6139996,9855780,16,5,75,33,126,10,51,8,69.24477517656325,True,0.00835454031409639,0.9820646227551493
boundary,0,dirichlet,dirichlet,ladder,ladder_boundary_pair_00002,2,1858997,2120711,16,5,55,30,79,8,24,4,103.09969657147508,True,0.002538231586224263,0.9844649205802856
boundary,1,periodic,periodic,ladder,ladder_boundary_pair_00002,2,1858997,5759919,16,5,55,30,82,8,27,7,111.07736248909511,True,0.0038168669857123355,0.9899236642606357
boundary,0,dirichlet,dirichlet,ladder,ladder_boundary_pair_00003,3,7605503,6343902,16,5,38,22,52,4,14,3,99.49581152944431,True,0.0084891405126566,0.953113464023054
boundary,1,periodic,periodic,ladder,ladder_boundary_pair_00003,3,7605503,2438064,16,5,38,22,50,5,12,4,106.82111368211702,True,0.006726155230702605,0.9945054658525024
boundary,0,dirichlet,dirichlet,ladder,ladder_boundary_pair_00004,4,5858204,9855738,16,5,48,33,63,8,15,4,74.0515325240973,True,0.001099683257495835,0.958357805345796
boundary,1,periodic,periodic,ladder,ladder_boundary_pair_00004,4,5858204,4940359,16,5,48,33,81,6,33,4,96.53634619477667,True,0.004453430816428295,0.9638905872349666
boundary,0,dirichlet,dirichlet,ladder,ladder_boundary_pair_00005,5,6091111,9940507,16,5,40,33,55,10,15,5,120.53882196132814,True,0.0007193919379725707,0.9605042962893006
boundary,1,periodic,periodic,ladder,ladder_boundary_pair_00005,5,6091111,5917054,16,5,40,33,54,11,14,7,82.92148940425571,True,0.009868618104858402,0.9635411615805966
boundary,0,dirichlet,dirichlet,ladder,ladder_boundary_pair_00006,6,3980053,8304831,16,5,31,42,47,13,16,7,102.75751774483757,True,0.001526379981530676,0.9811375244278963
boundary,1,periodic,periodic,ladder,ladder_boundary_pair_00006,6,3980053,7627742,16,5,31,42,46,9,15,4,140.39550495970747,True,0.004017508839380547,0.9856878040935341
boundary,0,dirichlet,dirichlet,ladder,ladder_boundary_pair_00007,7,2873524,597904,16,5,63,28,90,5,27,3,93.78818248081681,True,0.00542642478310264,0.9919213931141161
boundary,1,periodic,periodic,ladder,ladder_boundary_pair_00007,7,2873524,4772945,16,5,63,28,104,11,41,7,112.08835342821739,True,0.004761586826609451,0.9827371455965876
boundary,0,dirichlet,dirichlet,ladder,ladder_boundary_pair_00008,8,4230987,2382865,16,5,73,25,105,8,32,6,105.60221781598241,True,0.0042198391396420076,0.9756411516553722
boundary,1,periodic,periodic,ladder,ladder_boundary_pair_00008,8,4230987,5673938,16,5,73,25,120,9,47,7,89.3682237963019,True,0.007388774120324949,0.9755935630703886
boundary,0,dirichlet,dirichlet,ladder,ladder_boundary_pair_00009,9,919134,2570725,16,5,33,47,47,13,14,9,103.48892362341725,True,0.004958573566452369,0.9702871835120244
boundary,1,periodic,periodic,ladder,ladder_boundary_pair_00009,9,919134,739574,16,5,33,47,50,17,17,12,96.70374256235907,True,0.005755478652377265,0.9571357560210197
boundary,0,dirichlet,dirichlet,ladder,ladder_boundary_pair_00010,10,3681890,7352132,16,5,39,22,55,8,16,6,107.79998613696716,True,0.0022829922080129066,0.9608885559741533
boundary,1,periodic,periodic,ladder,ladder_boundary_pair_00010,10,3681890,2806284,16,5,39,22,54,8,15,4,85.33244199443071,True,0.006272430522141035,0.979954044880349
boundary,0,dirichlet,dirichlet,ladder,ladder_boundary_pair_00011,11,6572531,113936,16,5,42,36,62,6,20,3,85.00370798367803,True,0.009490179137860127,0.9971388200353377
boundary,1,periodic,periodic,ladder,ladder_boundary_pair_00011,11,6572531,447244,16,5,42,36,70,10,28,8,88.24716723796926,True,0.004733883636919473,0.9732683407056969
boundary,0,dirichlet,dirichlet,ladder,ladder_boundary_pair_00012,12,9227535,3457521,16,5,31,41,47,10,16,8,117.57493467670825,True,0.001790012796793554,0.9515201379468171
boundary,1,periodic,periodic,ladder,ladder_boundary_pair_00012,12,9227535,7936627,16,5,31,41,44,8,13,5,94.51996070481295,True,0.006733322124294912,0.9733696762780972
boundary,0,dirichlet,dirichlet,ladder,ladder_boundary_pair_00013,13,494955,2914611,16,5,60,40,78,6,18,4,109.73843185457648,True,0.0022334575127887554,0.9667667522436064
boundary,1,periodic,periodic,ladder,ladder_boundary_pair_00013,13,494955,7039879,16,5,60,40,96,10,36,8,111.36090203466084,True,0.002882392526652203,0.9586574529127155
boundary,0,dirichlet,dirichlet,ladder,ladder_boundary_pair_00014,14,3630400,7596537,16,5,72,27,95,5,23,3,110.28261608185306,True,0.009298532700395705,0.9693273936469682
boundary,1,periodic,periodic,ladder,ladder_boundary_pair_00014,14,3630400,5575477,16,5,72,27,94,4,22,3,127.72913249944617,True,0.0009667317738750282,0.9641117764204579
boundary,0,dirichlet,dirichlet,ladder,ladder_boundary_pair_00015,15,2635122,1614694,16,5,40,43,67,6,27,4,110.42531042632335,True,0.0068171496860971155,0.9658457300428537
boundary,1,periodic,periodic,ladder,ladder_boundary_pair_00015,15,2635122,3374659,16,5,40,43,67,15,27,12,78.06662890465236,True,0.0035690911751009545,0.995555257138257
boundary,0,dirichlet,dirichlet,ladder,ladder_boundary_pair_00016,16,5180703,3373307,16,5,46,28,67,6,21,4,90.94029061046156,True,0.004483701551783002,0.9630263214591189
boundary,1,periodic,periodic,ladder,ladder_boundary_pair_00016,16,5180703,9188295,16,5,46,28,75,6,29,5,96.5567701695948,True,0.009396064578651178,0.9725954043391247
boundary,0,dirichlet,dirichlet,ladder,ladder_boundary_pair_00017,17,3531674,6021656,16,5,38,34,58,6,20,3,103.9644673296315,True,0.002803102131345287,0.9588419058004584
boundary,1,periodic,periodic,ladder,ladder_boundary_pair_00017,17,3531674,6243490,16,5,38,34,51,7,13,6,110.87799209009776,True,0.002203228044235182,0.9831098273362813
boundary,0,dirichlet,dirichlet,ladder,ladder_boundary_pair_00018,18,4472089,9034883,16,5,76,21,109,7,33,5,117.03430220774416,True,0.0027891684946162593,0.959511430670415
boundary,1,periodic,periodic,ladder,ladder_boundary_pair_00018,18,4472089,9372275,16,5,76,21,109,4,33,2,83.4055973138255,True,0.0012869218253798499,0.9866727997850052
boundary,0,dirichlet,dirichlet,ladder,ladder_boundary_pair_00019,19,880096,1074477,16,5,67,48,95,13,28,9,117.28047104214274,True,0.003962190323414559,0.9677210692229152
boundary,1,periodic,periodic,ladder,ladder_boundary_pair_00019,19,880096,8020497,16,5,67,48,92,7,25,3,127.3325342409356,True,0.0011479470351912976,0.9935636677620828
boundary,0,dirichlet,dirichlet,ladder,ladder_boundary_pair_00020,20,3352214,135370,16,5,32,27,45,6,13,3,98.15936599606414,True,0.005810888073213733,0.9731526867385276
boundary,1,periodic,periodic,ladder,ladder_boundary_pair_00020,20,3352214,3555912,16,5,32,27,54,4,22,2,101.40058561414976,True,0.008967409835673786,0.9890966540341783
boundary,0,dirichlet,dirichlet,ladder,ladder_boundary_pair_00021,21,2089319,6734714,16,5,59,30,79,8,20,4,105.88896496698975,True,0.002537817193608941,0.9711350410079956
boundary,1,periodic,periodic,ladder,ladder_boundary_pair_00021,21,2089319,7685815,16,5,59,30,77,10,18,8,123.85755016847259,True,0.0035404360736061707,0.9525124413957707
boundary,0,dirichlet,dirichlet,ladder,ladder_boundary_pair_00022,22,8521267,936320,16,5,54,31,74,8,20,7,107.29054434126455,True,0.0036561665951286345,0.9910952561079298
boundary,1,periodic,periodic,ladder,ladder_boundary_pair_00022,22,8521267,8821437,16,5,54,31,80,11,26,7,76.79044016592452,True,0.008076573804115358,0.9663761561916008
boundary,0,dirichlet,dirichlet,ladder,ladder_boundary_pair_00023,23,8710745,8955118,16,5,42,36,60,12,18,10,103.44104871747152,True,0.007642647757438195,0.9889971318223348
boundary,1,periodic,periodic,ladder,ladder_boundary_pair_00023,23,8710745,668629,16,5,42,36,58,7,16,3,83.78294330803507,True,0.000858025758492036,0.9709959839681197
boundary,0,dirichlet,dirichlet,ladder,ladder_boundary_pair_00024,24,513953,685503,16,5,55,34,80,9,25,5,76.96314597137473,True,0.009288208171546887,0.9921586301417327
boundary,1,periodic,periodic,ladder,ladder_boundary_pair_00024,24,513953,578110,16,5,55,34,76,7,21,4,116.36124027985639,True,0.00939097336632013,0.9830227088503347
boundary,0,dirichlet,dirichlet,ladder,ladder_boundary_pair_00025,25,4343699,2906492,16,5,65,22,106,5,41,4,79.42489454154301,True,0.0011481557503099803,0.967709394405979
boundary,1,periodic,periodic,ladder,ladder_boundary_pair_00025,25,4343699,9073102,16,5,65,22,102,5,37,3,89.3583849635868,True,0.004013067222768463,0.9590707654741464
boundary,0,dirichlet,dirichlet,ladder,ladder_boundary_pair_00026,26,2416826,1820908,16,5,45,47,61,17,16,9,91.88374255483271,True,0.0032451775057169055,0.9983368628181605
boundary,1,periodic,periodic,ladder,ladder_boundary_pair_00026,26,2416826,3050999,16,5,45,47,64,10,19,8,104.21832327214689,True,0.004699670371208812,0.9689428765461383
boundary,0,dirichlet,dirichlet,ladder,ladder_boundary_pair_00027,27,775292,4414011,16,5,45,22,64,3,19,1,114.21976179785473,True,0.0066147443402260865,0.9504021492567717
boundary,1,periodic,periodic,ladder,ladder_boundary_pair_00027,27,775292,4287382,16,5,45,22,62,8,17,4,97.97336099213743,True,0.00505472542708051,0.9716451512442991
boundary,0,dirichlet,dirichlet,ladder,ladder_boundary_pair_00028,28,2561913,888698,16,5,61,28,93,6,32,3,118.76431711340274,True,0.007157175359023455,0.9847650860606938
boundary,1,periodic,periodic,ladder,ladder_boundary_pair_00028,28,2561913,7399839,16,5,61,28,85,6,24,3,103.3934323087613,True,0.006743822255151164,0.9901909591479944
boundary,0,dirichlet,dirichlet,ladder,ladder_boundary_pair_00029,29,6200853,6567304,16,5,30,39,46,9,16,6,124.74221341485881,True,0.0069116510150338765,0.9560073401815755
boundary,1,periodic,periodic,ladder,ladder_boundary_pair_00029,29,6200853,85166,16,5,30,39,41,15,11,11,116.05915839968779,True,0.004256502107094545,0.9747950863731524
boundary,0,dirichlet,dirichlet,ladder,ladder_boundary_pair_00030,30,297883,6770153,16,5,63,32,93,9,30,7,97.08596302032221,True,0.0010924310808564787,0.9508279647835666
boundary,1,periodic,periodic,ladder,ladder_boundary_pair_00030,30,297883,2659786,16,5,63,32,97,10,34,5,88.66312749762456,True,0.000334706761080732,0.9916638655641508
boundary,0,dirichlet,dirichlet,ladder,ladder_boundary_pair_00031,31,8737452,3324024,16,5,36,42,50,9,14,5,91.09145241969547,True,0.0004899791535589121,0.9786400983168436
boundary,1,periodic,periodic,ladder,ladder_boundary_pair_00031,31,8737452,1569720,16,5,36,42,47,10,11,7,98.40667759236983,True,0.007894982385677802,0.9652909978528982
boundary,0,dirichlet,dirichlet,ladder,ladder_boundary_pair_00032,32,5134639,7738170,16,5,71,31,108,7,37,3,136.4371648301823,True,0.007539384150147503,0.9565850694492356
boundary,1,periodic,periodic,ladder,ladder_boundary_pair_00032,32,5134639,1458316,16,5,71,31,97,8,26,4,119.50469788203388,True,0.00834039904264385,0.9902018753876307
boundary,0,dirichlet,dirichlet,ladder,ladder_boundary_pair_00033,33,7139580,7916323,16,5,46,43,61,9,15,4,70.21808469373357,True,0.008719815709028649,0.9541678932425329
boundary,1,periodic,periodic,ladder,ladder_boundary_pair_00033,33,7139580,1494139,16,5,46,43,73,8,27,4,90.84965533752467,True,0.0076149606323008216,0.9863037085882322
boundary,0,dirichlet,dirichlet,ladder,ladder_boundary_pair_00034,34,69518,3199039,16,5,65,34,88,9,23,6,107.91305738020023,True,0.005519406919759287,0.9866218783123932
boundary,1,periodic,periodic,ladder,ladder_boundary_pair_00034,34,69518,8559556,16,5,65,34,95,8,30,4,96.07801544021196,True,0.008290829892778842,0.9791834477212752
boundary,0,dirichlet,dirichlet,ladder,ladder_boundary_pair_00035,35,6850322,5898931,16,5,52,21,80,4,28,2,95.31225758986494,True,0.002376938164236081,0.9705240682061049
boundary,1,periodic,periodic,ladder,ladder_boundary_pair_00035,35,6850322,5227528,16,5,52,21,81,4,29,3,109.15034754676675,True,0.005501263005741459,0.9552690181442343
boundary,0,dirichlet,dirichlet,ladder,ladder_boundary_pair_00036,36,9989636,4778972,16,5,49,42,70,14,21,10,103.68845240369357,True,0.001261073463224406,0.9584361827441418
boundary,1,periodic,periodic,ladder,ladder_boundary_pair_00036,36,9989636,5081502,16,5,49,42,78,9,29,6,55.703873490230954,True,0.0029654512640329305,0.9733372925029954
boundary,0,dirichlet,dirichlet,ladder,ladder_boundary_pair_00037,37,9459521,1417231,16,5,39,21,61,6,22,4,113.92067606508539,True,0.005606287857037116,0.9888978834010608
boundary,1,periodic,periodic,ladder,ladder_boundary_pair_00037,37,9459521,192458,16,5,39,21,63,3,24,1,108.14242526906014,True,0.009920431197662569,0.9646739663626211
boundary,0,dirichlet,dirichlet,ladder,ladder_boundary_pair_00038,38,3896937,8434858,16,5,53,23,71,4,18,3,84.90595968511772,True,0.00028202280730081316,0.9731569278012848
boundary,1,periodic,periodic,ladder,ladder_boundary_pair_00038,38,3896937,4639022,16,5,53,23,75,8,22,6,94.84035892849306,True,0.0006934386785269521,0.9565355897754092
boundary,0,dirichlet,dirichlet,ladder,ladder_boundary_pair_00039,39,2268693,8443353,16,5,49,37,78,5,29,3,76.08507260077813,True,0.0013512255818161046,0.9513894109881129
boundary,1,periodic,periodic,ladder,ladder_boundary_pair_00039,39,2268693,9640998,16,5,49,37,79,11,30,9,125.40349704292437,True,0.006350615727877686,0.9712772780044009
boundary,0,dirichlet,dirichlet,ladder,ladder_boundary_pair_00040,40,5455483,5546510,16,5,65,43,100,11,35,9,102.77065712171625,True,0.005682803710880676,0.9749638989068672
boundary,1,periodic,periodic,ladder,ladder_boundary_pair_00040,40,5455483,4788109,16,5,65,43,86,7,21,5,114.06873306265983,True,0.008022042842067433,0.9930641513987546
boundary,0,dirichlet,dirichlet,ladder,ladder_boundary_pair_00041,41,9663637,9568188,16,5,35,23,55,9,20,7,101.66915152079913,True,0.006795974571939969,0.9839136958015177
boundary,1,periodic,periodic,ladder,ladder_boundary_pair_00041,41,9663637,7208387,16,5,35,23,49,8,14,4,102.28652150311278,True,0.003325652261627799,0.9563759551742205
boundary,0,dirichlet,dirichlet,ladder,ladder_boundary_pair_00042,42,4124390,8121485,16,5,60,33,85,10,25,7,98.74909568306674,True,0.0032507942097186864,0.994623829400995
boundary,1,periodic,periodic,ladder,ladder_boundary_pair_00042,42,4124390,2469930,16,5,60,33,84,10,24,6,52.182827859397854,True,0.00010030411656928592,0.9855356385894422
boundary,0,dirichlet,dirichlet,ladder,ladder_boundary_pair_00043,43,4842256,2578682,16,5,57,38,76,7,19,5,119.98283666141178,True,0.0039020221200718945,0.983246766287804
boundary,1,periodic,periodic,ladder,ladder_boundary_pair_00043,43,4842256,5569451,16,5,57,38,79,15,22,9,103.39887987239216,True,0.0010567838594487476,0.9588271578461167
boundary,0,dirichlet,dirichlet,ladder,ladder_boundary_pair_00044,44,995893,2934317,16,5,53,30,87,8,34,7,70.55938629987345,True,0.004816966585270056,0.9658833743251481
boundary,1,periodic,periodic,ladder,ladder_boundary_pair_00044,44,995893,1706930,16,5,53,30,87,8,34,5,94.08059781702401,True,0.0037102396947199323,0.9868514433376749
boundary,0,dirichlet,dirichlet,ladder,ladder_boundary_pair_00045,45,1578458,671986,16,5,73,31,102,9,29,7,126.41782187301061,True,0.006229810080121785,0.9593133329959044
boundary,1,periodic,periodic,ladder,ladder_boundary_pair_00045,45,1578458,9891669,16,5,73,31,103,4,30,2,99.99529491082338,True,0.0024021591830464643,0.9612790565197538
boundary,0,dirichlet,dirichlet,ladder,ladder_boundary_pair_00046,46,1158343,9929627,16,5,71,45,105,7,34,5,110.08911593173981,True,0.008340930115761503,0.9986761041128697
boundary,1,periodic,periodic,ladder,ladder_boundary_pair_00046,46,1158343,8745386,16,5,71,45,94,12,23,6,118.03358170623511,True,0.002790686509193279,0.9699184230460999
boundary,0,dirichlet,dirichlet,ladder,ladder_boundary_pair_00047,47,4032371,4720058,16,5,67,36,111,10,44,8,89.51022688258507,True,0.009421610842065945,0.9764327269088076
boundary,1,periodic,periodic,ladder,ladder_boundary_pair_00047,47,4032371,5038460,16,5,67,36,111,11,44,9,117.43687429888459,True,0.007050863795726547,0.9665344757149422
boundary,0,dirichlet,dirichlet,ladder,ladder_boundary_pair_00048,48,6038602,3775702,16,5,61,36,86,11,25,7,90.18699572686484,True,0.005839338544728502,0.9672466871794624
boundary,1,periodic,periodic,ladder,ladder_boundary_pair_00048,48,6038602,8547085,16,5,61,36,90,12,29,6,115.6354069373921,True,0.001703037765658916,0.982839300681019
boundary,0,dirichlet,dirichlet,ladder,ladder_boundary_pair_00049,49,7110928,1980407,16,5,32,35,53,6,21,5,122.70016753209205,True,0.004628686253111894,0.9698077038494212
boundary,1,periodic,periodic,ladder,ladder_boundary_pair_00049,49,7110928,6188753,16,5,32,35,46,9,14,7,122.22273689262374,True,0.0020566282838521883,0.9590078595967819
boundary,0,dirichlet,dirichlet,grid,grid_boundary_pair_00000,0,3229112,7834112,16,5,36,35,52,10,16,6,107.2404107742423,True,0.0004770543759332609,0.9809364313872208
boundary,1,periodic,periodic,grid,grid_boundary_pair_00000,0,3229112,1563825,16,5,36,35,49,11,13,5,86.08731709711894,True,0.008731939306677004,0.9787913824596424
boundary,0,dirichlet,dirichlet,grid,grid_boundary_pair_00001,1,7433980,7595853,16,5,53,38,80,8,27,6,95.95239188992275,True,0.008799815572949853,0.9778617805216993
boundary,1,periodic,periodic,grid,grid_boundary_pair_00001,1,7433980,970278,16,5,53,38,76,13,23,9,95.65953362323256,True,0.009401729031349141,0.9876811675105153
boundary,0,dirichlet,dirichlet,grid,grid_boundary_pair_00002,2,2948134,7411979,16,5,70,23,99,4,29,3,107.37144179080299,True,0.0028429855721626564,0.9969499204610043
boundary,1,periodic,periodic,grid,grid_boundary_pair_00002,2,2948134,5893868,16,5,70,23,115,4,45,3,108.54640535797971,True,0.004001946863148019,0.9801063763909805
boundary,0,dirichlet,dirichlet,grid,grid_boundary_pair_00003,3,3878551,1613560,16,5,51,38,78,10,27,8,107.92776826592389,True,0.0034842881264311116,0.9936063602804989
boundary,1,periodic,periodic,grid,grid_boundary_pair_00003,3,3878551,4305665,16,5,51,38,70,5,19,3,119.22088823474255,True,0.0064751701365313745,0.9690094970666714
boundary,0,dirichlet,dirichlet,grid,grid_boundary_pair_00004,4,9003281,5029792,16,5,32,26,46,9,14,5,93.61316735627803,True,0.004467390467083261,0.9599506387281509
boundary,1,periodic,periodic,grid,grid_boundary_pair_00004,4,9003281,7359659,16,5,32,26,48,5,16,2,107.0665869979373,True,0.00936024379694046,0.9732592030036585
boundary,0,dirichlet,dirichlet,grid,grid_boundary_pair_00005,5,317942,4563167,16,5,50,42,82,8,32,4,108.60616631506619,True,0.005758915729881145,0.9592234360575566
boundary,1,periodic,periodic,grid,grid_boundary_pair_00005,5,317942,5582266,16,5,50,42,77,6,27,4,80.85543375192496,True,0.0023450489906644925,0.9832594466369824
boundary,0,dirichlet,dirichlet,grid,grid_boundary_pair_00006,6,8507150,8478748,16,5,36,48,48,7,12,5,91.92645721013268,True,0.0040381550651980725,0.9755342016110236
boundary,1,periodic,periodic,grid,grid_boundary_pair_00006,6,8507150,3416403,16,5,36,48,52,12,16,10,97.96217925417633,True,0.004796905446845277,0.9503659741267253
boundary,0,dirichlet,dirichlet,grid,grid_boundary_pair_00007,7,3621420,1251661,16,5,37,42,62,11,25,6,102.62930168400885,True,0.006491164596131538,0.9522746993816386
boundary,1,periodic,periodic,grid,grid_boundary_pair_00007,7,3621420,8239115,16,5,37,42,60,16,23,9,79.94911841686104,True,0.009841911991363389,0.9897445710275461
boundary,0,dirichlet,dirichlet,grid,grid_boundary_pair_00008,8,3739469,420888,16,5,70,23,118,5,48,3,94.9933169374167,True,0.005591844852495308,0.953830227288248
boundary,1,periodic,periodic,grid,grid_boundary_pair_00008,8,3739469,2716826,16,5,70,23,109,3,39,2,84.81589964744477,True,0.007683118591066274,0.9706425660813645
boundary,0,dirichlet,dirichlet,grid,grid_boundary_pair_00009,9,2702303,7316359,16,5,49,47,67,10,18,5,107.93524449838164,True,0.0012360606341969712,0.9744713851073571
boundary,1,periodic,periodic,grid,grid_boundary_pair_00009,9,2702303,3230545,16,5,49,47,64,9,15,6,100.85431660382348,True,0.006807703471319381,0.9772917509116753
boundary,0,dirichlet,dirichlet,grid,grid_boundary_pair_00010,10,2402110,21650,16,5,41,34,63,8,22,6,100.67834063499974,True,0.0023241082366534894,0.9699266957519412
boundary,1,periodic,periodic,grid,grid_boundary_pair_00010,10,2402110,9805301,16,5,41,34,69,8,28,4,100.76796852821629,True,0.002028257627103536,0.9904423640390517
boundary,0,dirichlet,dirichlet,grid,grid_boundary_pair_00011,11,8771419,711716,16,5,62,38,82,10,20,5,88.06664398088677,True,0.00421660382338227,0.977374561911229
boundary,1,periodic,periodic,grid,grid_boundary_pair_00011,11,8771419,6312379,16,5,62,38,93,9,31,8,106.36590906791518,True,0.009941408380991197,0.950552819774456
boundary,0,dirichlet,dirichlet,grid,grid_boundary_pair_00012,12,233462,8798834,16,5,51,40,68,10,17,6,97.03093406522977,True,0.0042420563804455025,0.9678547813418461
boundary,1,periodic,periodic,grid,grid_boundary_pair_00012,12,233462,8358827,16,5,51,40,78,11,27,6,131.01859507245328,True,0.0021800612098322827,0.9870393424733891
boundary,0,dirichlet,dirichlet,grid,grid_boundary_pair_00013,13,7565991,4229228,16,5,71,26,108,8,37,4,80.51206722531496,True,0.005180433314592156,0.9565121775259082
boundary,1,periodic,periodic,grid,grid_boundary_pair_00013,13,7565991,7056784,16,5,71,26,101,6,30,5,94.38910525613073,True,0.006970772399646847,0.9591192831827731
boundary,0,dirichlet,dirichlet,grid,grid_boundary_pair_00014,14,6234408,292007,16,5,35,30,55,6,20,3,103.08444722040231,True,0.000702929137684984,0.9515434509815389
boundary,1,periodic,periodic,grid,grid_boundary_pair_00014,14,6234408,8776381,16,5,35,30,50,9,15,4,84.48794501414852,True,0.006456656422788751,0.9637492747003285
boundary,0,dirichlet,dirichlet,grid,grid_boundary_pair_00015,15,9835003,9755672,16,5,72,21,110,7,38,5,104.81178588899026,True,0.005764017340849843,0.9590211790130627
boundary,1,periodic,periodic,grid,grid_boundary_pair_00015,15,9835003,7421473,16,5,72,21,99,4,27,2,102.9107791540881,True,0.004416352287648801,0.9796430683317838
boundary,0,dirichlet,dirichlet,grid,grid_boundary_pair_00016,16,3085945,239608,16,5,35,28,46,4,11,2,89.56457684204403,True,0.004063097078112642,0.9905121195881179
boundary,1,periodic,periodic,grid,grid_boundary_pair_00016,16,3085945,7648392,16,5,35,28,54,4,19,3,86.22809524875137,True,0.0030059944453407384,0.9632732848853236
boundary,0,dirichlet,dirichlet,grid,grid_boundary_pair_00017,17,3219598,8817164,16,5,64,44,94,16,30,11,94.03731041635207,True,0.006421038969511442,0.9659551854508439
boundary,1,periodic,periodic,grid,grid_boundary_pair_00017,17,3219598,3779044,16,5,64,44,86,7,22,3,95.26326435339745,True,0.0014674404020884478,0.9928696767065811
boundary,0,dirichlet,dirichlet,grid,grid_boundary_pair_00018,18,250231,2130118,16,5,42,31,69,7,27,3,87.89880429685766,True,0.0021759337465589884,0.9987303950638129
boundary,1,periodic,periodic,grid,grid_boundary_pair_00018,18,250231,2752690,16,5,42,31,70,9,28,5,74.60977576733595,True,0.008874253342911604,0.9575534214460374
boundary,0,dirichlet,dirichlet,grid,grid_boundary_pair_00019,19,3415473,3615590,16,5,49,31,67,5,18,4,120.83744571805894,True,0.003732917929371285,0.9573466310130848
boundary,1,periodic,periodic,grid,grid_boundary_pair_00019,19,3415473,9179279,16,5,49,31,69,6,20,4,112.16632509684386,True,0.008139568348985923,0.9911780474258556
boundary,0,dirichlet,dirichlet,grid,grid_boundary_pair_00020,20,8973326,4052579,16,5,54,31,88,11,34,6,77.37718218469107,True,0.0007180701400500254,0.9742600653398337
boundary,1,periodic,periodic,grid,grid_boundary_pair_00020,20,8973326,998899,16,5,54,31,75,5,21,3,82.64532287286562,True,0.004907903966809344,0.977241584312119
boundary,0,dirichlet,dirichlet,grid,grid_boundary_pair_00021,21,1820844,7587973,16,5,42,26,67,9,25,5,82.98405425940265,True,0.0050557352425652305,0.9822216796632176
boundary,1,periodic,periodic,grid,grid_boundary_pair_00021,21,1820844,6935426,16,5,42,26,56,7,14,4,118.44661336782906,True,0.001853558727562715,0.9502564674165194
boundary,0,dirichlet,dirichlet,grid,grid_boundary_pair_00022,22,416690,678066,16,5,55,35,86,8,31,6,97.86780194589181,True,0.00859921390006039,0.9565711764814667
boundary,1,periodic,periodic,grid,grid_boundary_pair_00022,22,416690,9941699,16,5,55,35,87,11,32,8,105.08030976882534,True,0.006287299508922749,0.9818536938132796
boundary,0,dirichlet,dirichlet,grid,grid_boundary_pair_00023,23,1308166,1330728,16,5,56,20,91,5,35,3,108.08716176925225,True,0.0063968686891573544,0.9700494774419602
boundary,1,periodic,periodic,grid,grid_boundary_pair_00023,23,1308166,404911,16,5,56,20,79,5,23,3,114.67554906654658,True,0.008304218939798264,0.9913951795125842
boundary,0,dirichlet,dirichlet,grid,grid_boundary_pair_00024,24,1169070,5880926,16,5,64,39,101,10,37,8,105.42123285657969,True,0.0012146456186390253,0.9703481239168675
boundary,1,periodic,periodic,grid,grid_boundary_pair_00024,24,1169070,4415239,16,5,64,39,84,14,20,12,109.12343342960968,True,0.006982355915479651,0.9814184544124358
boundary,0,dirichlet,dirichlet,grid,grid_boundary_pair_00025,25,873420,5834611,16,5,70,21,102,7,32,3,106.36100292277676,True,0.0037544483187111244,0.967823897466253
boundary,1,periodic,periodic,grid,grid_boundary_pair_00025,25,873420,4330972,16,5,70,21,105,4,35,2,100.5917057236111,True,0.0004293529145766484,0.9560822153183602
boundary,0,dirichlet,dirichlet,grid,grid_boundary_pair_00026,26,7725976,8535640,16,5,67,33,93,13,26,6,76.69858302299811,True,0.004279703115418714,0.9891746896602169
boundary,1,periodic,periodic,grid,grid_boundary_pair_00026,26,7725976,4299376,16,5,67,33,109,6,42,4,126.18807004202736,True,0.001459881285089875,0.9638158114776514
boundary,0,dirichlet,dirichlet,grid,grid_boundary_pair_00027,27,9080961,8175576,16,5,33,40,52,12,19,7,111.89763532328016,True,0.0035156667152532045,0.9527311620755567
boundary,1,periodic,periodic,grid,grid_boundary_pair_00027,27,9080961,975112,16,5,33,40,48,8,15,4,98.16914301818085,True,0.005582852062273884,0.9755976695560633
boundary,0,dirichlet,dirichlet,grid,grid_boundary_pair_00028,28,614101,5896721,16,5,51,21,68,4,17,2,86.1432034571056,True,0.007085070845331942,0.9653543703881532
boundary,1,periodic,periodic,grid,grid_boundary_pair_00028,28,614101,272544,16,5,51,21,67,4,16,3,111.5121410878005,True,0.007215309321295804,0.9555191195837707
boundary,0,dirichlet,dirichlet,grid,grid_boundary_pair_00029,29,1863907,5093388,16,5,35,49,46,10,11,5,98.59479907092452,True,0.007417005077730236,0.9842570457578583
boundary,1,periodic,periodic,grid,grid_boundary_pair_00029,29,1863907,9011698,16,5,35,49,57,17,22,13,87.68663290741493,True,0.0004140526689787084,0.9766948370031312
boundary,0,dirichlet,dirichlet,grid,grid_boundary_pair_00030,30,2402114,5369337,16,5,36,43,54,9,18,5,103.38642284667631,True,0.008589553016744045,0.9548586080001819
boundary,1,periodic,periodic,grid,grid_boundary_pair_00030,30,2402114,4884299,16,5,36,43,51,14,15,7,100.26419877900486,True,0.00954501842427305,0.956081787138891
boundary,0,dirichlet,dirichlet,grid,grid_boundary_pair_00031,31,5983359,1297776,16,5,49,43,83,7,34,6,103.53082390822019,True,0.0029844746210936704,0.9708279996382244
boundary,1,periodic,periodic,grid,grid_boundary_pair_00031,31,5983359,3304860,16,5,49,43,80,10,31,8,80.11309342968629,True,0.007400358448688268,0.9767983616056245
boundary,0,dirichlet,dirichlet,grid,grid_boundary_pair_00032,32,661440,381325,16,5,60,49,85,8,25,4,113.63439743842197,True,0.009166495075171656,0.985824841277911
boundary,1,periodic,periodic,grid,grid_boundary_pair_00032,32,661440,4027187,16,5,60,49,85,10,25,5,106.8908562449178,True,0.008660058310567183,0.9559211646622795
boundary,0,dirichlet,dirichlet,grid,grid_boundary_pair_00033,33,6464,6485671,16,5,30,46,40,15,10,10,95.16980234188246,True,0.008380567137557832,0.975073035923162
boundary,1,periodic,periodic,grid,grid_boundary_pair_00033,33,6464,1964724,16,5,30,46,48,7,18,6,96.38510209217206,True,0.002913424527546115,0.9644195293935608
boundary,0,dirichlet,dirichlet,grid,grid_boundary_pair_00034,34,8821549,7372801,16,5,74,23,109,7,35,5,92.31392178063824,True,0.005083116793000926,0.9897423840200215
boundary,1,periodic,periodic,grid,grid_boundary_pair_00034,34,8821549,731636,16,5,74,23,115,7,41,3,86.53018537683417,True,0.004074826344592276,0.9895771140443566
boundary,0,dirichlet,dirichlet,grid,grid_boundary_pair_00035,35,7553925,2180139,16,5,74,20,104,3,30,2,111.95493795583411,True,0.0012466485141442633,0.9852272162053424
boundary,1,periodic,periodic,grid,grid_boundary_pair_00035,35,7553925,5066447,16,5,74,20,120,5,46,3,106.7610818506532,True,0.007774821935100655,0.9670952950322754
boundary,0,dirichlet,dirichlet,grid,grid_boundary_pair_00036,36,2619222,7396665,16,5,58,21,87,5,29,3,117.72836639439942,True,0.0007834656754226117,0.9667059731903449
boundary,1,periodic,periodic,grid,grid_boundary_pair_00036,36,2619222,297542,16,5,58,21,90,4,32,2,107.21362139123343,True,0.008265588785000324,0.9843716441291404
boundary,0,dirichlet,dirichlet,grid,grid_boundary_pair_00037,37,4961172,9320383,16,5,46,20,64,3,18,1,102.0732569665666,True,0.00530821693233229,0.9878896116719953
boundary,1,periodic,periodic,grid,grid_boundary_pair_00037,37,4961172,2023553,16,5,46,20,63,6,17,4,110.37581621061535,True,0.0038444227009091134,0.9758129447593974
boundary,0,dirichlet,dirichlet,grid,grid_boundary_pair_00038,38,544344,4524105,16,5,52,47,81,7,29,4,87.41019397330811,True,0.0009620049352153512,0.960087255021341
boundary,1,periodic,periodic,grid,grid_boundary_pair_00038,38,544344,4854487,16,5,52,47,71,13,19,9,120.31661609176413,True,0.00911718002039452,0.9503017474548805
boundary,0,dirichlet,dirichlet,grid,grid_boundary_pair_00039,39,9250109,8324436,16,5,53,28,71,6,18,4,115.0507414632991,True,0.005584533229480997,0.9766745050358998
boundary,1,periodic,periodic,grid,grid_boundary_pair_00039,39,9250109,8783376,16,5,53,28,72,5,19,4,101.82722058662287,True,0.0037836143241326697,0.9879152005555766
boundary,0,dirichlet,dirichlet,grid,grid_boundary_pair_00040,40,8625146,827150,16,5,49,43,80,12,31,6,106.12456695126755,True,0.0009623819656681971,0.9743204836394349
boundary,1,periodic,periodic,grid,grid_boundary_pair_00040,40,8625146,5412319,16,5,49,43,68,13,19,9,95.34162863982127,True,0.004941579164447905,0.967547328629861
boundary,0,dirichlet,dirichlet,grid,grid_boundary_pair_00041,41,1957792,3891865,16,5,41,36,65,8,24,6,117.90467298359842,True,0.009415823993486927,0.9810981976160935
boundary,1,periodic,periodic,grid,grid_boundary_pair_00041,41,1957792,2242365,16,5,41,36,66,12,25,10,91.6703791692093,True,0.004514959896411808,0.9509991591636361
boundary,0,dirichlet,dirichlet,grid,grid_boundary_pair_00042,42,29813,8296335,16,5,45,35,71,9,26,5,131.53655015472756,True,0.0022693480402409287,0.9556308750404626
boundary,1,periodic,periodic,grid,grid_boundary_pair_00042,42,29813,6767315,16,5,45,35,67,10,22,5,96.15685641790023,True,0.002238711259891415,0.9982668323994779
boundary,0,dirichlet,dirichlet,grid,grid_boundary_pair_00043,43,1208060,5001945,16,5,55,30,89,9,34,5,127.83254972191395,True,0.002596511487205747,0.9722916507882617
boundary,1,periodic,periodic,grid,grid_boundary_pair_00043,43,1208060,869953,16,5,55,30,76,5,21,2,103.36352116802938,True,0.0003186498684816795,0.967862263607185
boundary,0,dirichlet,dirichlet,grid,grid_boundary_pair_00044,44,6999244,6674106,16,5,52,36,79,12,27,6,99.81127925773603,True,0.0070385704213417445,0.99269200105945
boundary,1,periodic,periodic,grid,grid_boundary_pair_00044,44,6999244,221421,16,5,52,36,74,9,22,7,110.84025161808941,True,0.0007775630215019987,0.9947801261842472
boundary,0,dirichlet,dirichlet,grid,grid_boundary_pair_00045,45,9421077,1417191,16,5,47,31,72,11,25,6,117.46875206802922,True,0.003466043421992932,0.9933955192721273
boundary,1,periodic,periodic,grid,grid_boundary_pair_00045,45,9421077,9148938,16,5,47,31,75,5,28,4,98.69115980225581,True,0.002813791601810087,0.9913009922195855
boundary,0,dirichlet,dirichlet,grid,grid_boundary_pair_00046,46,6814276,3471888,16,5,52,40,80,11,28,6,125.00593654213264,True,0.008381655818532945,0.9851463322662632
boundary,1,periodic,periodic,grid,grid_boundary_pair_00046,46,6814276,2126861,16,5,52,40,82,15,30,9,101.82260945261115,True,0.006992305257980791,0.9596242413776117
boundary,0,dirichlet,dirichlet,grid,grid_boundary_pair_00047,47,4689133,5243762,16,5,63,28,84,9,21,7,89.57551013050953,True,0.0018284395273471456,0.9853005711305804
boundary,1,periodic,periodic,grid,grid_boundary_pair_00047,47,4689133,3129985,16,5,63,28,104,9,41,6,99.5825868305609,True,0.0013020075644992243,0.9859845046321055
boundary,0,dirichlet,dirichlet,grid,grid_boundary_pair_00048,48,819973,6462280,16,5,37,48,57,15,20,11,76.20847511767055,True,0.001450066241928902,0.9863278116640303
boundary,1,periodic,periodic,grid,grid_boundary_pair_00048,48,819973,8836621,16,5,37,48,51,16,14,12,90.0553182986617,True,0.008574410641442213,0.9874226887219402
boundary,0,dirichlet,dirichlet,grid,grid_boundary_pair_00049,49,1844053,8761753,16,5,50,31,83,7,33,6,68.83282270215705,True,0.009213305262515292,0.9505989510609069
boundary,1,periodic,periodic,grid,grid_boundary_pair_00049,49,1844053,3783799,16,5,50,31,79,8,29,5,95.19553293195037,True,0.009727367761276232,0.9758487205256673
