task,label,label_name,N,instance_id,local_sample_idx,template_family,topology_family,logical_seed,transpile_seed,n_steps,logical_depth,logical_twoq,logical_total_ops,routed_depth,extra_twoq,extra_depth,swap_equiv,transpile_ms,depth_overhead,twoq_overhead,swap_fraction,cx_fraction
scale,5,5,5,scale_line_qaoa_N5_00000,0,qaoa,line,9524682,7204212,5,48,24,72,75,4,27,3,57.658466252766644,1.5625,1.1666666666666667,0.10714285714285714,0.2828282828282828
scale,5,5,5,scale_line_qaoa_N5_00001,1,qaoa,line,1766891,4521373,5,45,12,57,54,1,9,0,57.6586304305082,1.2,1.0833333333333333,0.0,0.19696969696969696
scale,5,5,5,scale_line_qaoa_N5_00002,2,qaoa,line,9305648,5743066,5,47,6,53,60,0,13,0,33.874509873063985,1.2765957446808511,1.0,0.0,0.09090909090909091
scale,5,5,5,scale_line_qaoa_N5_00003,3,qaoa,line,8242680,2428388,5,37,20,57,46,1,9,0,69.50369682396904,1.2432432432432432,1.05,0.0,0.3181818181818182
scale,5,5,5,scale_line_qaoa_N5_00004,4,qaoa,line,1465689,68148,5,16,25,41,19,2,3,1,39.73280384269908,1.1875,1.08,0.037037037037037035,0.6136363636363636
scale,5,5,5,scale_line_qaoa_N5_00005,5,qaoa,line,4997895,6397986,5,11,24,35,16,2,5,1,71.19423611561837,1.4545454545454546,1.0833333333333333,0.038461538461538464,0.65
scale,5,5,5,scale_line_qaoa_N5_00006,6,qaoa,line,5414709,271836,5,23,21,44,35,1,12,0,87.7831304155244,1.5217391304347827,1.0476190476190477,0.0,0.39285714285714285
scale,5,5,5,scale_line_qaoa_N5_00007,7,qaoa,line,9973006,564685,5,27,16,43,44,3,17,2,71.93639724282318,1.6296296296296295,1.1875,0.10526315789473684,0.31666666666666665
scale,5,5,5,scale_line_qaoa_N5_00008,8,qaoa,line,1767640,6723771,5,32,29,61,51,5,19,4,83.40746334103046,1.59375,1.1724137931034482,0.11764705882352941,0.425
scale,5,5,5,scale_line_qaoa_N5_00009,9,qaoa,line,1504384,2230919,5,38,19,57,45,1,7,0,70.7098518701737,1.1842105263157894,1.0526315789473684,0.0,0.3125
scale,10,10,10,scale_line_qaoa_N10_00000,0,qaoa,line,3853339,9467719,5,66,30,96,102,4,36,3,76.98440259210962,1.5454545454545454,1.1333333333333333,0.08823529411764706,0.25757575757575757
scale,10,10,10,scale_line_qaoa_N10_00001,1,qaoa,line,7988004,6245035,5,42,12,54,58,1,16,0,71.73602063664805,1.380952380952381,1.0833333333333333,0.0,0.18571428571428572
scale,10,10,10,scale_line_qaoa_N10_00002,2,qaoa,line,6914550,6167294,5,98,52,150,140,19,42,12,79.72963533755788,1.4285714285714286,1.3653846153846154,0.16901408450704225,0.3697916666666667
scale,10,10,10,scale_line_qaoa_N10_00003,3,qaoa,line,7887739,769598,5,46,22,68,71,2,25,1,77.95595463895941,1.5434782608695652,1.0909090909090908,0.041666666666666664,0.25806451612903225
scale,10,10,10,scale_line_qaoa_N10_00004,4,qaoa,line,3344014,7064746,5,82,22,104,121,5,39,4,72.97650448508347,1.475609756097561,1.2272727272727273,0.14814814814814814,0.1888111888111888
scale,10,10,10,scale_line_qaoa_N10_00005,5,qaoa,line,6706971,43585,5,76,16,92,113,6,37,5,59.71884229412462,1.486842105263158,1.375,0.22727272727272727,0.17054263565891473
scale,10,10,10,scale_line_qaoa_N10_00006,6,qaoa,line,5895544,5697469,5,30,32,62,49,4,19,3,62.979469061226474,1.6333333333333333,1.125,0.08333333333333333,0.4444444444444444
scale,10,10,10,scale_line_qaoa_N10_00007,7,qaoa,line,1954109,4422880,5,44,26,70,56,4,12,3,66.72337853402232,1.2727272727272727,1.1538461538461537,0.1,0.36585365853658536
scale,10,10,10,scale_line_qaoa_N10_00008,8,qaoa,line,39353,6484531,5,66,38,104,86,5,20,4,63.37261686621787,1.303030303030303,1.131578947368421,0.09302325581395349,0.3467741935483871
scale,10,10,10,scale_line_qaoa_N10_00009,9,qaoa,line,7433296,4965050,5,42,22,64,56,5,14,3,68.53527193258384,1.3333333333333333,1.2272727272727273,0.1111111111111111,0.34615384615384615
scale,20,20,20,scale_line_qaoa_N20_00000,0,qaoa,line,5031595,5478047,5,44,24,68,53,10,9,7,104.33515487289921,1.2045454545454546,1.4166666666666667,0.20588235294117646,0.44155844155844154
scale,20,20,20,scale_line_qaoa_N20_00001,1,qaoa,line,7103230,2558231,5,60,108,168,94,65,34,45,100.65793708549305,1.5666666666666667,1.6018518518518519,0.26011560693641617,0.8564356435643564
scale,20,20,20,scale_line_qaoa_N20_00002,2,qaoa,line,1659066,2148815,5,56,96,152,78,75,22,69,85.57197655094357,1.3928571428571428,1.78125,0.40350877192982454,0.9827586206896551
scale,20,20,20,scale_line_qaoa_N20_00003,3,qaoa,line,1607618,3896830,5,152,28,180,233,15,81,9,93.78226614740852,1.5328947368421053,1.5357142857142858,0.20930232558139536,0.16475095785440613
scale,20,20,20,scale_line_qaoa_N20_00004,4,qaoa,line,3445376,5251035,5,112,96,208,144,56,32,49,96.20548215961735,1.2857142857142858,1.5833333333333333,0.3223684210526316,0.6333333333333333
scale,20,20,20,scale_line_qaoa_N20_00005,5,qaoa,line,3504473,7299695,5,136,88,224,222,66,86,46,88.39062623136937,1.6323529411764706,1.75,0.2987012987012987,0.4967741935483871
scale,20,20,20,scale_line_qaoa_N20_00006,6,qaoa,line,6671458,4892306,5,44,20,64,72,5,28,4,75.59958552316202,1.6363636363636365,1.25,0.16,0.2717391304347826
scale,20,20,20,scale_line_qaoa_N20_00007,7,qaoa,line,9056842,8767088,5,100,28,128,140,19,40,18,101.90727256113641,1.4,1.6785714285714286,0.3829787234042553,0.27976190476190477
scale,20,20,20,scale_line_qaoa_N20_00008,8,qaoa,line,4962140,2799487,5,68,32,100,102,23,34,13,92.93072473298682,1.5,1.71875,0.23636363636363636,0.41044776119402987
scale,20,20,20,scale_line_qaoa_N20_00009,9,qaoa,line,5333152,7328141,5,108,24,132,164,14,56,9,82.85648581973632,1.5185185185185186,1.5833333333333333,0.23684210526315788,0.20212765957446807
scale,50,50,50,scale_line_qaoa_N50_00000,0,qaoa,line,4301754,2269042,5,300,200,500,457,323,157,303,158.2206015999449,1.5233333333333334,2.615,0.5793499043977055,0.7960426179604262
scale,50,50,50,scale_line_qaoa_N50_00001,1,qaoa,line,6105525,9587994,5,310,270,580,463,236,153,234,168.9679298265395,1.4935483870967743,1.874074074074074,0.4624505928853755,0.6903137789904502
scale,50,50,50,scale_line_qaoa_N50_00002,2,qaoa,line,7265795,3772962,5,360,60,420,548,61,188,52,146.26880810349638,1.5222222222222221,2.0166666666666666,0.4297520661157025,0.19901315789473684
scale,50,50,50,scale_line_qaoa_N50_00003,3,qaoa,line,6979451,8519981,5,260,160,420,436,305,176,294,155.0359706414482,1.676923076923077,2.90625,0.632258064516129,0.7802013422818792
scale,50,50,50,scale_line_qaoa_N50_00004,4,qaoa,line,3886402,6545535,5,400,70,470,495,137,95,98,143.90626624115586,1.2375,2.9571428571428573,0.47342995169082125,0.3663716814159292
scale,50,50,50,scale_line_qaoa_N50_00005,5,qaoa,line,445101,8106609,5,270,290,560,437,316,167,307,141.86478903039978,1.6185185185185185,2.089655172413793,0.5066006600660066,0.8335625859697386
scale,50,50,50,scale_line_qaoa_N50_00006,6,qaoa,line,7315360,8073461,5,410,190,600,520,377,110,304,153.57787360348283,1.2682926829268293,2.9842105263157896,0.5361552028218695,0.7985915492957747
scale,50,50,50,scale_line_qaoa_N50_00007,7,qaoa,line,5491590,6512440,5,480,140,620,770,239,290,226,155.60784526368235,1.6041666666666667,2.7071428571428573,0.5963060686015831,0.4164835164835165
scale,50,50,50,scale_line_qaoa_N50_00008,8,qaoa,line,4183839,666326,5,450,170,620,555,134,105,101,150.6835125110383,1.2333333333333334,1.7882352941176471,0.33223684210526316,0.4193103448275862
scale,50,50,50,scale_line_qaoa_N50_00009,9,qaoa,line,4249913,4422201,5,310,230,540,456,275,146,196,145.9059116942844,1.4709677419354839,2.1956521739130435,0.38811881188118813,0.7361516034985423
scale,5,5,5,scale_line_vqe_N5_00000,0,vqe,line,1985588,8640059,5,31,21,52,49,1,18,0,60.64280019095463,1.5806451612903225,1.0476190476190477,0.0,0.3142857142857143
scale,5,5,5,scale_line_vqe_N5_00001,1,vqe,line,6754350,1260386,5,14,11,25,17,0,3,0,49.22255222070694,1.2142857142857142,1.0,0.0,0.39285714285714285
scale,5,5,5,scale_line_vqe_N5_00002,2,vqe,line,6319707,7967801,5,49,24,73,82,1,33,0,58.92805524838874,1.6734693877551021,1.0416666666666667,0.0,0.2358490566037736
scale,5,5,5,scale_line_vqe_N5_00003,3,vqe,line,4294539,6095929,5,35,9,44,43,0,8,0,55.13782714246876,1.2285714285714286,1.0,0.0,0.17307692307692307
scale,5,5,5,scale_line_vqe_N5_00004,4,vqe,line,7474447,4601020,5,10,19,29,14,1,4,0,47.391160456649544,1.4,1.0526315789473684,0.0,0.6060606060606061
scale,5,5,5,scale_line_vqe_N5_00005,5,vqe,line,2164367,144356,5,48,9,57,67,1,19,0,69.17861947054776,1.3958333333333333,1.1111111111111112,0.0,0.13157894736842105
scale,5,5,5,scale_line_vqe_N5_00006,6,vqe,line,5698848,1107677,5,31,29,60,38,2,7,1,66.9909238185999,1.2258064516129032,1.0689655172413792,0.03225806451612903,0.4626865671641791
scale,5,5,5,scale_line_vqe_N5_00007,7,vqe,line,3693305,4466271,5,46,27,73,77,1,31,0,65.99896633711006,1.673913043478261,1.037037037037037,0.0,0.2692307692307692
scale,5,5,5,scale_line_vqe_N5_00008,8,vqe,line,721747,5392023,5,10,28,38,12,4,2,2,57.97542474168449,1.2,1.1428571428571428,0.0625,0.8
scale,5,5,5,scale_line_vqe_N5_00009,9,vqe,line,1404330,251492,5,21,22,43,26,2,5,1,60.6089660711716,1.2380952380952381,1.0909090909090908,0.041666666666666664,0.5
scale,10,10,10,scale_line_vqe_N10_00000,0,vqe,line,9702701,2976242,5,42,14,56,64,4,22,2,61.169213415204666,1.5238095238095237,1.2857142857142858,0.1111111111111111,0.23076923076923078
scale,10,10,10,scale_line_vqe_N10_00001,1,vqe,line,3353597,8454561,5,88,54,142,119,6,31,5,63.00621951603518,1.3522727272727273,1.1111111111111112,0.08333333333333333,0.3468208092485549
scale,10,10,10,scale_line_vqe_N10_00002,2,vqe,line,3369720,4711075,5,32,16,48,43,4,11,3,69.09921366819793,1.34375,1.25,0.15,0.3389830508474576
scale,10,10,10,scale_line_vqe_N10_00003,3,vqe,line,3970001,70640,5,38,18,56,60,5,22,4,64.94119946765706,1.5789473684210527,1.2777777777777777,0.17391304347826086,0.2948717948717949
scale,10,10,10,scale_line_vqe_N10_00004,4,vqe,line,6706024,898320,5,96,56,152,142,20,46,13,81.44371535474684,1.4791666666666667,1.3571428571428572,0.17105263157894737,0.3838383838383838
scale,10,10,10,scale_line_vqe_N10_00005,5,vqe,line,6486460,6197323,5,58,40,98,78,8,20,5,78.57864658788466,1.3448275862068966,1.2,0.10416666666666667,0.4067796610169492
scale,10,10,10,scale_line_vqe_N10_00006,6,vqe,line,7990340,1039458,5,36,22,58,55,8,19,6,61.46740057962023,1.5277777777777777,1.3636363636363635,0.2,0.38961038961038963
scale,10,10,10,scale_line_vqe_N10_00007,7,vqe,line,197775,2386488,5,42,58,100,54,15,12,14,69.85719452294906,1.2857142857142858,1.2586206896551724,0.1917808219178082,0.6517857142857143
scale,10,10,10,scale_line_vqe_N10_00008,8,vqe,line,2276360,4408249,5,96,34,130,161,12,65,11,88.13666575878908,1.6770833333333333,1.3529411764705883,0.2391304347826087,0.2358974358974359
scale,10,10,10,scale_line_vqe_N10_00009,9,vqe,line,6646705,5462810,5,52,20,72,80,2,28,1,74.04582895117525,1.5384615384615385,1.1,0.045454545454545456,0.22
scale,20,20,20,scale_line_vqe_N20_00000,0,vqe,line,8783148,5409861,5,44,36,80,57,18,13,14,92.89882811537126,1.2954545454545454,1.5,0.25925925925925924,0.5806451612903226
scale,20,20,20,scale_line_vqe_N20_00001,1,vqe,line,448345,9137682,5,160,92,252,236,61,76,46,88.12775043651186,1.475,1.6630434782608696,0.3006535947712418,0.46646341463414637
scale,20,20,20,scale_line_vqe_N20_00002,2,vqe,line,3319144,8693670,5,192,28,220,269,9,77,7,98.51944467564685,1.4010416666666667,1.3214285714285714,0.1891891891891892,0.12457912457912458
scale,20,20,20,scale_line_vqe_N20_00003,3,vqe,line,2387312,3693976,5,40,28,68,67,15,27,11,97.68339454305004,1.675,1.5357142857142858,0.2558139534883721,0.45263157894736844
scale,20,20,20,scale_line_vqe_N20_00004,4,vqe,line,1855567,1534837,5,168,40,208,268,18,100,17,71.03252779817078,1.5952380952380953,1.45,0.29310344827586204,0.18831168831168832
scale,20,20,20,scale_line_vqe_N20_00005,5,vqe,line,5221816,9246766,5,120,60,180,159,45,39,39,95.9909332582914,1.325,1.75,0.37142857142857144,0.4794520547945205
scale,20,20,20,scale_line_vqe_N20_00006,6,vqe,line,160775,7349369,5,92,76,168,139,35,47,29,88.8906806437049,1.5108695652173914,1.4605263157894737,0.26126126126126126,0.5162790697674419
scale,20,20,20,scale_line_vqe_N20_00007,7,vqe,line,4166500,7467048,5,148,32,180,203,15,55,12,99.76309126481102,1.3716216216216217,1.46875,0.2553191489361702,0.2
scale,20,20,20,scale_line_vqe_N20_00008,8,vqe,line,1600396,3311149,5,180,104,284,241,22,61,16,74.85425156183763,1.3388888888888888,1.2115384615384615,0.12698412698412698,0.3652173913043478
scale,20,20,20,scale_line_vqe_N20_00009,9,vqe,line,1178049,3080201,5,176,40,216,275,30,99,25,96.79659669163419,1.5625,1.75,0.35714285714285715,0.2222222222222222
scale,50,50,50,scale_line_vqe_N50_00000,0,vqe,line,3912942,8501424,5,390,220,610,500,292,110,223,148.9201503564694,1.2820512820512822,2.327272727272727,0.435546875,0.7111111111111111
scale,50,50,50,scale_line_vqe_N50_00001,1,vqe,line,4345760,7153768,5,200,250,450,279,406,79,378,165.27101259892478,1.395,2.624,0.5762195121951219,1.2400756143667298
scale,50,50,50,scale_line_vqe_N50_00002,2,vqe,line,3196340,8551881,5,440,50,490,544,26,104,22,166.38859986373953,1.2363636363636363,1.52,0.2894736842105263,0.12794612794612795
scale,50,50,50,scale_line_vqe_N50_00003,3,vqe,line,5558956,3031756,5,280,210,490,364,180,84,126,152.25235352805603,1.3,1.8571428571428572,0.3230769230769231,0.6794425087108014
scale,50,50,50,scale_line_vqe_N50_00004,4,vqe,line,3334817,2715514,5,130,50,180,196,75,66,55,153.3231401197959,1.5076923076923077,2.5,0.44,0.508130081300813
scale,50,50,50,scale_line_vqe_N50_00005,5,vqe,line,4892472,481680,5,210,50,260,310,66,100,62,142.51513463443447,1.4761904761904763,2.32,0.5344827586206896,0.32222222222222224
scale,50,50,50,scale_line_vqe_N50_00006,6,vqe,line,317537,6953757,5,320,190,510,486,318,166,293,152.33465796480243,1.51875,2.6736842105263157,0.5767716535433071,0.7514792899408284
scale,50,50,50,scale_line_vqe_N50_00007,7,vqe,line,1353038,8639483,5,240,230,470,329,426,89,343,158.0265225560743,1.3708333333333333,2.8521739130434782,0.5228658536585366,1.1735241502683362
scale,50,50,50,scale_line_vqe_N50_00008,8,vqe,line,1854971,9038807,5,390,270,660,604,347,214,318,162.121564332251,1.5487179487179488,2.285185185185185,0.5153970826580226,0.7059496567505721
scale,50,50,50,scale_line_vqe_N50_00009,9,vqe,line,6549546,8007407,5,140,60,200,192,85,52,58,148.5595070172548,1.3714285714285714,2.4166666666666665,0.4,0.5753968253968254
scale,5,5,5,scale_line_random_N5_00000,0,random,line,1631107,9417063,5,20,23,43,28,3,8,2,76.11792765718437,1.4,1.1304347826086956,0.07692307692307693,0.5098039215686274
scale,5,5,5,scale_line_random_N5_00001,1,random,line,1950367,1910705,5,13,28,41,21,3,8,2,51.870444518813464,1.6153846153846154,1.1071428571428572,0.06451612903225806,0.6326530612244898
scale,5,5,5,scale_line_random_N5_00002,2,random,line,4246049,8480473,5,28,25,53,37,1,9,0,45.65911130767476,1.3214285714285714,1.04,0.0,0.41935483870967744
scale,5,5,5,scale_line_random_N5_00003,3,random,line,3125354,9818159,5,36,13,49,51,0,15,0,58.084671760867074,1.4166666666666667,1.0,0.0,0.203125
scale,5,5,5,scale_line_random_N5_00004,4,random,line,635605,7479821,5,26,8,34,40,1,14,0,54.52720163662479,1.5384615384615385,1.125,0.0,0.1875
scale,5,5,5,scale_line_random_N5_00005,5,random,line,1307506,2901614,5,35,27,62,54,3,19,1,47.71945980876376,1.542857142857143,1.1111111111111112,0.03333333333333333,0.37037037037037035
scale,5,5,5,scale_line_random_N5_00006,6,random,line,9810404,2319049,5,32,18,50,38,2,6,1,48.3023156617491,1.1875,1.1111111111111112,0.05,0.35714285714285715
scale,5,5,5,scale_line_random_N5_00007,7,random,line,5642264,467010,5,48,29,77,59,5,11,4,43.40908411612344,1.2291666666666667,1.1724137931034482,0.11764705882352941,0.38636363636363635
scale,5,5,5,scale_line_random_N5_00008,8,random,line,6482532,5196467,5,27,19,46,42,2,15,1,74.79433927828825,1.5555555555555556,1.105263157894737,0.047619047619047616,0.3442622950819672
scale,5,5,5,scale_line_random_N5_00009,9,random,line,421240,944789,5,35,6,41,50,0,15,0,79.86136406226882,1.4285714285714286,1.0,0.0,0.10714285714285714
scale,10,10,10,scale_line_random_N10_00000,0,random,line,9560067,5986126,5,60,20,80,86,4,26,3,71.73966329169569,1.4333333333333333,1.2,0.125,0.22641509433962265
scale,10,10,10,scale_line_random_N10_00001,1,random,line,8913742,5584263,5,30,52,82,38,9,8,7,79.07871947242428,1.2666666666666666,1.1730769230769231,0.11475409836065574,0.6777777777777778
scale,10,10,10,scale_line_random_N10_00002,2,random,line,8040979,954480,5,70,46,116,91,16,21,15,60.903070498515476,1.3,1.3478260869565217,0.24193548387096775,0.45255474452554745
scale,10,10,10,scale_line_random_N10_00003,3,random,line,9439101,8671370,5,42,38,80,66,11,24,6,76.38623649837643,1.5714285714285714,1.2894736842105263,0.12244897959183673,0.47115384615384615
scale,10,10,10,scale_line_random_N10_00004,4,random,line,7796324,8112074,5,90,34,124,110,8,20,5,63.980313211036155,1.2222222222222223,1.2352941176470589,0.11904761904761904,0.2916666666666667
scale,10,10,10,scale_line_random_N10_00005,5,random,line,786667,9742257,5,48,56,104,76,15,28,9,77.6025109463536,1.5833333333333333,1.2678571428571428,0.1267605633802817,0.5378787878787878
scale,10,10,10,scale_line_random_N10_00006,6,random,line,1092501,5238331,5,46,50,96,76,15,30,10,70.865897874729,1.6521739130434783,1.3,0.15384615384615385,0.5158730158730159
scale,10,10,10,scale_line_random_N10_00007,7,random,line,3925282,873172,5,76,24,100,119,8,43,7,68.44322764607921,1.5657894736842106,1.3333333333333333,0.21875,0.22377622377622378
scale,10,10,10,scale_line_random_N10_00008,8,random,line,829735,7021862,5,92,18,110,139,3,47,2,78.20245739486255,1.5108695652173914,1.1666666666666667,0.09523809523809523,0.1337579617834395
scale,10,10,10,scale_line_random_N10_00009,9,random,line,5345854,7490200,5,98,36,134,148,13,50,10,52.92722844372402,1.510204081632653,1.3611111111111112,0.20408163265306123,0.266304347826087
scale,20,20,20,scale_line_random_N20_00000,0,random,line,7905477,3369538,5,104,20,124,152,8,48,5,92.42015144067797,1.4615384615384615,1.4,0.17857142857142858,0.16279069767441862
scale,20,20,20,scale_line_random_N20_00001,1,random,line,9496563,6867100,5,64,92,156,81,36,17,33,74.69521256812747,1.265625,1.391304347826087,0.2578125,0.7398843930635838
scale,20,20,20,scale_line_random_N20_00002,2,random,line,3177993,7705092,5,188,116,304,248,44,60,39,90.71566237219392,1.3191489361702127,1.3793103448275863,0.24375,0.43956043956043955
scale,20,20,20,scale_line_random_N20_00003,3,random,line,9828366,1805468,5,76,20,96,111,5,35,3,85.22342553234883,1.4605263157894737,1.25,0.12,0.19083969465648856
scale,20,20,20,scale_line_random_N20_00004,4,random,line,5735193,7726890,5,68,36,104,95,17,27,15,90.27264704818879,1.3970588235294117,1.4722222222222223,0.2830188679245283,0.40458015267175573
scale,20,20,20,scale_line_random_N20_00005,5,random,line,3386501,7395350,5,144,36,180,241,25,97,18,88.64899692085062,1.6736111111111112,1.6944444444444444,0.29508196721311475,0.22021660649819494
scale,20,20,20,scale_line_random_N20_00006,6,random,line,4424507,2792427,5,140,72,212,231,40,91,26,87.31165823204825,1.65,1.5555555555555556,0.23214285714285715,0.3696369636963696
scale,20,20,20,scale_line_random_N20_00007,7,random,line,838761,7367664,5,180,80,260,299,49,119,43,85.60135712384583,1.6611111111111112,1.6125,0.3333333333333333,0.3403693931398417
scale,20,20,20,scale_line_random_N20_00008,8,random,line,6575716,2002324,5,148,52,200,232,23,84,22,89.09772335943791,1.5675675675675675,1.4423076923076923,0.29333333333333333,0.2640845070422535
scale,20,20,20,scale_line_random_N20_00009,9,random,line,3578226,6149031,5,140,72,212,226,22,86,16,97.81073267616452,1.6142857142857143,1.3055555555555556,0.1702127659574468,0.31543624161073824
scale,50,50,50,scale_line_random_N50_00000,0,random,line,4235042,1898739,5,240,250,490,377,267,137,182,154.75318860212306,1.5708333333333333,2.068,0.3520309477756286,0.8245614035087719
scale,50,50,50,scale_line_random_N50_00001,1,random,line,2087258,4856447,5,340,150,490,487,282,147,223,163.1883862109077,1.4323529411764706,2.88,0.5162037037037037,0.6781789638932496
scale,50,50,50,scale_line_random_N50_00002,2,random,line,5786265,5908635,5,330,290,620,465,361,135,348,160.8045986900535,1.4090909090909092,2.2448275862068967,0.5345622119815668,0.8622516556291391
scale,50,50,50,scale_line_random_N50_00003,3,random,line,2412149,5398869,5,300,210,510,504,161,204,106,131.55094759703906,1.68,1.7666666666666666,0.2857142857142857,0.5196078431372549
scale,50,50,50,scale_line_random_N50_00004,4,random,line,7433533,8652831,5,370,120,490,554,150,184,94,142.1745629476552,1.4972972972972973,2.25,0.34814814814814815,0.40059347181008903
scale,50,50,50,scale_line_random_N50_00005,5,random,line,4621056,8976973,5,390,210,600,560,116,170,95,156.74280468746775,1.435897435897436,1.5523809523809524,0.29141104294478526,0.42337662337662335
scale,50,50,50,scale_line_random_N50_00006,6,random,line,5517366,3448678,5,110,260,370,154,301,44,247,146.57312405919652,1.4,2.1576923076923076,0.44028520499108736,1.355072463768116
scale,50,50,50,scale_line_random_N50_00007,7,random,line,8370262,4846769,5,120,140,260,182,126,62,96,146.2855913400421,1.5166666666666666,1.9,0.3609022556390977,0.8260869565217391
scale,50,50,50,scale_line_random_N50_00008,8,random,line,3185714,1728096,5,160,120,280,209,64,49,44,150.98745777637333,1.30625,1.5333333333333334,0.2391304347826087,0.5592705167173252
scale,50,50,50,scale_line_random_N50_00009,9,random,line,7021855,978039,5,370,190,560,592,300,222,298,148.6965485401279,1.6,2.5789473684210527,0.6081632653061224,0.6265984654731458
scale,5,5,5,scale_ladder_qaoa_N5_00000,0,qaoa,ladder,1839433,6569632,5,25,8,33,31,1,6,0,53.96563745097237,1.24,1.125,0.0,0.23076923076923078
scale,5,5,5,scale_ladder_qaoa_N5_00001,1,qaoa,ladder,3526737,8790529,5,32,25,57,41,1,9,0,57.428777287527815,1.28125,1.04,0.0,0.3939393939393939
scale,5,5,5,scale_ladder_qaoa_N5_00002,2,qaoa,ladder,6193956,1705215,5,10,19,29,13,2,3,1,56.70669001680198,1.3,1.105263157894737,0.047619047619047616,0.65625
scale,5,5,5,scale_ladder_qaoa_N5_00003,3,qaoa,ladder,8104789,4108880,5,39,13,52,52,1,13,0,59.03173962606589,1.3333333333333333,1.0769230769230769,0.0,0.2153846153846154
scale,5,5,5,scale_ladder_qaoa_N5_00004,4,qaoa,ladder,2859244,886040,5,19,28,47,27,5,8,3,82.78478728188406,1.4210526315789473,1.1785714285714286,0.09090909090909091,0.6
scale,5,5,5,scale_ladder_qaoa_N5_00005,5,qaoa,ladder,9675193,9168924,5,48,13,61,77,0,29,0,32.15995771197978,1.6041666666666667,1.0,0.0,0.14444444444444443
scale,5,5,5,scale_ladder_qaoa_N5_00006,6,qaoa,ladder,3303457,5888997,5,43,27,70,69,4,26,3,59.91763432937922,1.6046511627906976,1.1481481481481481,0.0967741935483871,0.3229166666666667
scale,5,5,5,scale_ladder_qaoa_N5_00007,7,qaoa,ladder,3751198,7369434,5,21,27,48,26,1,5,0,73.59157627210558,1.2380952380952381,1.037037037037037,0.0,0.5283018867924528
scale,5,5,5,scale_ladder_qaoa_N5_00008,8,qaoa,ladder,1400283,5927613,5,49,6,55,75,0,26,0,58.41898509929801,1.530612244897959,1.0,0.0,0.07407407407407407
scale,5,5,5,scale_ladder_qaoa_N5_00009,9,qaoa,ladder,7917596,4902666,5,11,26,37,13,4,2,3,68.06593247913686,1.1818181818181819,1.1538461538461537,0.1,0.7692307692307693
scale,10,10,10,scale_ladder_qaoa_N10_00000,0,qaoa,ladder,4131479,9400725,5,98,30,128,152,6,54,4,60.50601111168057,1.5510204081632653,1.2,0.1111111111111111,0.1978021978021978
scale,10,10,10,scale_ladder_qaoa_N10_00001,1,qaoa,ladder,5703394,7240947,5,28,56,84,34,9,6,6,96.32382064837391,1.2142857142857142,1.1607142857142858,0.09230769230769231,0.7222222222222222
scale,10,10,10,scale_ladder_qaoa_N10_00002,2,qaoa,ladder,7733308,3875754,5,52,34,86,78,4,26,3,57.31978488356932,1.5,1.1176470588235294,0.07894736842105263,0.3392857142857143
scale,10,10,10,scale_ladder_qaoa_N10_00003,3,qaoa,ladder,5787749,1661793,5,98,28,126,121,6,23,3,56.70854172838484,1.2346938775510203,1.2142857142857142,0.08823529411764706,0.22818791946308725
scale,10,10,10,scale_ladder_qaoa_N10_00004,4,qaoa,ladder,7599600,6610734,5,42,46,88,67,8,25,7,76.63737213888021,1.5952380952380953,1.173913043478261,0.12962962962962962,0.4778761061946903
scale,10,10,10,scale_ladder_qaoa_N10_00005,5,qaoa,ladder,6215140,3737973,5,42,40,82,65,14,23,12,80.10141460428619,1.5476190476190477,1.35,0.2222222222222222,0.5142857142857142
scale,10,10,10,scale_ladder_qaoa_N10_00006,6,qaoa,ladder,8369689,1564718,5,50,20,70,82,7,32,6,67.16684684167387,1.64,1.35,0.2222222222222222,0.2647058823529412
scale,10,10,10,scale_ladder_qaoa_N10_00007,7,qaoa,ladder,2378837,6123769,5,82,28,110,139,7,57,5,71.22053934503005,1.6951219512195121,1.25,0.14285714285714285,0.20958083832335328
scale,10,10,10,scale_ladder_qaoa_N10_00008,8,qaoa,ladder,6691409,838003,5,32,36,68,50,4,18,2,68.03997368757669,1.5625,1.1111111111111112,0.05,0.46511627906976744
scale,10,10,10,scale_ladder_qaoa_N10_00009,9,qaoa,ladder,6081687,8948331,5,96,14,110,154,2,58,1,60.36192489902782,1.6041666666666667,1.1428571428571428,0.0625,0.09523809523809523
scale,20,20,20,scale_ladder_qaoa_N20_00000,0,qaoa,ladder,1841648,7132508,5,172,28,200,235,17,63,15,88.13128355838641,1.3662790697674418,1.6071428571428572,0.3333333333333333,0.17110266159695817
scale,20,20,20,scale_ladder_qaoa_N20_00001,1,qaoa,ladder,7152747,4137270,5,124,116,240,181,74,57,57,85.60268941725825,1.4596774193548387,1.6379310344827587,0.3,0.6397306397306397
scale,20,20,20,scale_ladder_qaoa_N20_00002,2,qaoa,ladder,7904294,7185197,5,176,56,232,211,44,35,29,96.40903849409236,1.1988636363636365,1.7857142857142858,0.29,0.37453183520599254
scale,20,20,20,scale_ladder_qaoa_N20_00003,3,qaoa,ladder,9258731,7969693,5,152,84,236,218,37,66,31,88.28086628928241,1.4342105263157894,1.4404761904761905,0.256198347107438,0.40066225165562913
scale,20,20,20,scale_ladder_qaoa_N20_00004,4,qaoa,ladder,5408753,3047569,5,136,44,180,212,22,76,13,71.38651096323177,1.5588235294117647,1.5,0.19696969696969696,0.2578125
scale,20,20,20,scale_ladder_qaoa_N20_00005,5,qaoa,ladder,397710,6503216,5,184,116,300,304,42,120,25,87.00261423390798,1.6521739130434783,1.3620689655172413,0.15822784810126583,0.3761904761904762
scale,20,20,20,scale_ladder_qaoa_N20_00006,6,qaoa,ladder,910775,5954878,5,132,32,164,221,10,89,9,88.34276946853385,1.6742424242424243,1.3125,0.21428571428571427,0.16600790513833993
scale,20,20,20,scale_ladder_qaoa_N20_00007,7,qaoa,ladder,5166650,5693075,5,132,60,192,223,44,91,39,81.74415156982539,1.6893939393939394,1.7333333333333334,0.375,0.3674911660777385
scale,20,20,20,scale_ladder_qaoa_N20_00008,8,qaoa,ladder,1026553,9623810,5,152,104,256,221,58,69,40,84.82466349091776,1.4539473684210527,1.5576923076923077,0.24691358024691357,0.49846153846153846
scale,20,20,20,scale_ladder_qaoa_N20_00009,9,qaoa,ladder,8465506,6846192,5,60,36,96,101,8,41,7,84.01075603440664,1.6833333333333333,1.2222222222222223,0.1590909090909091,0.32116788321167883
scale,50,50,50,scale_ladder_qaoa_N50_00000,0,qaoa,ladder,7635836,7809006,5,440,220,660,747,272,307,260,172.35674686984476,1.6977272727272728,2.2363636363636363,0.5284552845528455,0.5087900723888314
scale,50,50,50,scale_ladder_qaoa_N50_00001,1,qaoa,ladder,2339767,2614235,5,340,130,470,554,239,214,187,143.34061517204603,1.6294117647058823,2.8384615384615386,0.5067750677506775,0.5394736842105263
scale,50,50,50,scale_ladder_qaoa_N50_00002,2,qaoa,ladder,3597706,4506554,5,380,130,510,617,73,237,44,155.06734662486838,1.6236842105263158,1.5615384615384615,0.21674876847290642,0.2717536813922356
scale,50,50,50,scale_ladder_qaoa_N50_00003,3,qaoa,ladder,8197295,5809041,5,430,280,710,517,246,87,216,147.99287051662716,1.2023255813953488,1.8785714285714286,0.41064638783269963,0.6599749058971142
scale,50,50,50,scale_ladder_qaoa_N50_00004,4,qaoa,ladder,506079,1950013,5,150,90,240,231,74,81,46,149.8357710392725,1.54,1.8222222222222222,0.2804878048780488,0.5109034267912772
scale,50,50,50,scale_ladder_qaoa_N50_00005,5,qaoa,ladder,5203916,6026988,5,380,230,610,522,399,142,347,161.88393273448085,1.3736842105263158,2.734782608695652,0.5516693163751988,0.836436170212766
scale,50,50,50,scale_ladder_qaoa_N50_00006,6,qaoa,ladder,8493836,4620650,5,420,100,520,686,128,266,89,147.33762467838542,1.6333333333333333,2.28,0.39035087719298245,0.2900763358778626
scale,50,50,50,scale_ladder_qaoa_N50_00007,7,qaoa,ladder,8437482,1622572,5,340,250,590,513,380,173,342,147.31363941612696,1.5088235294117647,2.52,0.5428571428571428,0.8256880733944955
scale,50,50,50,scale_ladder_qaoa_N50_00008,8,qaoa,ladder,3761675,7415745,5,400,270,670,643,137,243,94,165.67307866638953,1.6075,1.5074074074074073,0.23095823095823095,0.4457831325301205
scale,50,50,50,scale_ladder_qaoa_N50_00009,9,qaoa,ladder,8551646,7281505,5,410,170,580,693,242,283,206,153.4310908295176,1.6902439024390243,2.4235294117647057,0.5,0.47740440324449596
scale,5,5,5,scale_ladder_vqe_N5_00000,0,vqe,ladder,8711998,6555035,5,33,17,50,41,2,8,1,65.38022354796844,1.2424242424242424,1.1176470588235294,0.05263157894736842,0.3275862068965517
scale,5,5,5,scale_ladder_vqe_N5_00001,1,vqe,ladder,6145265,8527171,5,24,9,33,40,0,16,0,60.47954050283106,1.6666666666666667,1.0,0.0,0.1836734693877551
scale,5,5,5,scale_ladder_vqe_N5_00002,2,vqe,ladder,5068002,2773939,5,36,21,57,55,3,19,2,54.13451911478657,1.5277777777777777,1.1428571428571428,0.08333333333333333,0.3157894736842105
scale,5,5,5,scale_ladder_vqe_N5_00003,3,vqe,ladder,3763122,4421590,5,21,11,32,33,0,12,0,79.10804588458785,1.5714285714285714,1.0,0.0,0.25
scale,5,5,5,scale_ladder_vqe_N5_00004,4,vqe,ladder,7906166,7310108,5,35,6,41,59,0,24,0,47.701306217591856,1.6857142857142857,1.0,0.0,0.09230769230769231
scale,5,5,5,scale_ladder_vqe_N5_00005,5,vqe,ladder,9309205,3722946,5,38,15,53,47,1,9,0,58.222596785125944,1.236842105263158,1.0666666666666667,0.0,0.25806451612903225
scale,5,5,5,scale_ladder_vqe_N5_00006,6,vqe,ladder,1847865,7586725,5,26,16,42,40,0,14,0,56.56311652062217,1.5384615384615385,1.0,0.0,0.2857142857142857
scale,5,5,5,scale_ladder_vqe_N5_00007,7,vqe,ladder,5750283,1074961,5,24,6,30,29,0,5,0,75.49209476526303,1.2083333333333333,1.0,0.0,0.17142857142857143
scale,5,5,5,scale_ladder_vqe_N5_00008,8,vqe,ladder,5972558,2442266,5,24,16,40,40,1,16,0,63.42725346377704,1.6666666666666667,1.0625,0.0,0.30357142857142855
scale,5,5,5,scale_ladder_vqe_N5_00009,9,vqe,ladder,8010643,4981262,5,16,7,23,21,1,5,0,64.56753219153784,1.3125,1.1428571428571428,0.0,0.2857142857142857
scale,10,10,10,scale_ladder_vqe_N10_00000,0,vqe,ladder,2874299,7339838,5,68,36,104,102,10,34,6,55.132292172996635,1.5,1.2777777777777777,0.13043478260869565,0.3333333333333333
scale,10,10,10,scale_ladder_vqe_N10_00001,1,vqe,ladder,8998604,4909776,5,62,52,114,92,10,30,7,73.16426073049084,1.4838709677419355,1.1923076923076923,0.11290322580645161,0.4305555555555556
scale,10,10,10,scale_ladder_vqe_N10_00002,2,vqe,ladder,3210016,6737320,5,34,50,84,47,6,13,4,54.16097176514277,1.3823529411764706,1.12,0.07142857142857142,0.5773195876288659
scale,10,10,10,scale_ladder_vqe_N10_00003,3,vqe,ladder,9825144,2542637,5,34,30,64,42,7,8,4,77.60414656144297,1.2352941176470589,1.2333333333333334,0.10810810810810811,0.5138888888888888
scale,10,10,10,scale_ladder_vqe_N10_00004,4,vqe,ladder,9631739,9035616,5,82,38,120,123,9,41,7,67.79035826170336,1.5,1.236842105263158,0.14893617021276595,0.2919254658385093
scale,10,10,10,scale_ladder_vqe_N10_00005,5,vqe,ladder,1947763,7654502,5,22,10,32,30,1,8,0,70.26885838994531,1.3636363636363635,1.1,0.0,0.275
scale,10,10,10,scale_ladder_vqe_N10_00006,6,vqe,ladder,7258746,1443717,5,22,20,42,33,5,11,4,65.06537183635984,1.5,1.25,0.16,0.4716981132075472
scale,10,10,10,scale_ladder_vqe_N10_00007,7,vqe,ladder,6906571,8752967,5,36,20,56,54,5,18,3,65.5501667862614,1.5,1.25,0.12,0.33783783783783783
scale,10,10,10,scale_ladder_vqe_N10_00008,8,vqe,ladder,3829049,1868670,5,74,48,122,118,9,44,5,71.14533366215464,1.5945945945945945,1.1875,0.08771929824561403,0.3433734939759036
scale,10,10,10,scale_ladder_vqe_N10_00009,9,vqe,ladder,4335702,7974411,5,24,26,50,34,3,10,2,79.50145470998832,1.4166666666666667,1.1153846153846154,0.06896551724137931,0.48333333333333334
scale,20,20,20,scale_ladder_vqe_N20_00000,0,vqe,ladder,2731638,264500,5,88,116,204,115,83,27,82,79.68423753129842,1.3068181818181819,1.7155172413793103,0.4120603015075377,0.8614718614718615
scale,20,20,20,scale_ladder_vqe_N20_00001,1,vqe,ladder,1217060,1031519,5,164,92,256,198,27,34,23,84.7070176245378,1.2073170731707317,1.2934782608695652,0.19327731092436976,0.4103448275862069
scale,20,20,20,scale_ladder_vqe_N20_00002,2,vqe,ladder,9957168,4660061,5,48,56,104,62,24,14,18,94.82271890702943,1.2916666666666667,1.4285714285714286,0.225,0.6779661016949152
scale,20,20,20,scale_ladder_vqe_N20_00003,3,vqe,ladder,4031419,4495511,5,120,112,232,164,50,44,37,85.80100300220877,1.3666666666666667,1.4464285714285714,0.22839506172839505,0.5869565217391305
scale,20,20,20,scale_ladder_vqe_N20_00004,4,vqe,ladder,9479413,4443778,5,164,52,216,256,24,92,19,73.67047719458017,1.5609756097560976,1.4615384615384615,0.25,0.24675324675324675
scale,20,20,20,scale_ladder_vqe_N20_00005,5,vqe,ladder,1257949,7537165,5,108,48,156,142,33,34,30,84.27231575451474,1.3148148148148149,1.6875,0.37037037037037035,0.4263157894736842
scale,20,20,20,scale_ladder_vqe_N20_00006,6,vqe,ladder,5540070,6491878,5,92,24,116,149,7,57,5,95.43600154594432,1.6195652173913044,1.2916666666666667,0.16129032258064516,0.1791907514450867
scale,20,20,20,scale_ladder_vqe_N20_00007,7,vqe,ladder,2090212,5230852,5,60,84,144,101,36,41,25,86.29385667913894,1.6833333333333333,1.4285714285714286,0.20833333333333334,0.6486486486486487
scale,20,20,20,scale_ladder_vqe_N20_00008,8,vqe,ladder,2654837,7684365,5,40,48,88,55,26,15,18,94.33144769231909,1.375,1.5416666666666667,0.24324324324324326,0.7184466019417476
scale,20,20,20,scale_ladder_vqe_N20_00009,9,vqe,ladder,923780,8361735,5,100,56,156,153,26,53,17,87.00490861827792,1.53,1.4642857142857142,0.2073170731707317,0.3923444976076555
scale,50,50,50,scale_ladder_vqe_N50_00000,0,vqe,ladder,9714891,8480932,5,210,50,260,289,43,79,32,133.6327500870066,1.3761904761904762,1.86,0.34408602150537637,0.2743362831858407
scale,50,50,50,scale_ladder_vqe_N50_00001,1,vqe,ladder,937841,9955661,5,370,190,560,482,342,112,220,162.0569146008143,1.3027027027027027,2.8,0.41353383458646614,0.7916666666666666
scale,50,50,50,scale_ladder_vqe_N50_00002,2,vqe,ladder,1208052,7500960,5,110,130,240,183,168,73,103,148.6908402723025,1.6636363636363636,2.292307692307692,0.34563758389261745,0.952076677316294
scale,50,50,50,scale_ladder_vqe_N50_00003,3,vqe,ladder,4439850,7536765,5,230,160,390,389,115,159,113,139.65045135467867,1.691304347826087,1.71875,0.4109090909090909,0.5009107468123861
scale,50,50,50,scale_ladder_vqe_N50_00004,4,vqe,ladder,4273445,3184790,5,430,290,720,702,423,272,330,128.9908113854808,1.6325581395348838,2.4586206896551723,0.4628330995792426,0.71875
scale,50,50,50,scale_ladder_vqe_N50_00005,5,vqe,ladder,647296,1549302,5,250,220,470,384,176,134,173,179.37752847167775,1.536,1.8,0.43686868686868685,0.6556291390728477
scale,50,50,50,scale_ladder_vqe_N50_00006,6,vqe,ladder,2833552,7376519,5,170,100,270,219,180,49,157,149.6911236442842,1.2882352941176471,2.8,0.5607142857142857,0.877742946708464
scale,50,50,50,scale_ladder_vqe_N50_00007,7,vqe,ladder,3144480,3570834,5,490,210,700,816,114,326,99,170.03407267182104,1.6653061224489796,1.542857142857143,0.3055555555555556,0.3157894736842105
scale,50,50,50,scale_ladder_vqe_N50_00008,8,vqe,ladder,5742533,7324222,5,400,200,600,613,348,213,289,140.0997376369374,1.5325,2.74,0.5273722627737226,0.6740467404674046
scale,50,50,50,scale_ladder_vqe_N50_00009,9,vqe,ladder,2619980,721384,5,180,50,230,294,55,114,50,145.59992609004598,1.6333333333333333,2.1,0.47619047619047616,0.30523255813953487
scale,5,5,5,scale_ladder_random_N5_00000,0,random,ladder,4031464,3390742,5,20,8,28,31,1,11,0,69.01474629947786,1.55,1.125,0.0,0.23076923076923078
scale,5,5,5,scale_ladder_random_N5_00001,1,random,ladder,7956056,1100500,5,28,17,45,35,2,7,1,58.611374128053285,1.25,1.1176470588235294,0.05263157894736842,0.36538461538461536
scale,5,5,5,scale_ladder_random_N5_00002,2,random,ladder,9268720,3037099,5,24,5,29,33,0,9,0,50.08607650543693,1.375,1.0,0.0,0.13157894736842105
scale,5,5,5,scale_ladder_random_N5_00003,3,random,ladder,1912584,3777538,5,47,15,62,72,2,25,1,38.466098863962856,1.5319148936170213,1.1333333333333333,0.058823529411764705,0.19540229885057472
scale,5,5,5,scale_ladder_random_N5_00004,4,random,ladder,1654753,8793380,5,30,12,42,43,1,13,0,48.432557749480516,1.4333333333333333,1.0833333333333333,0.0,0.23636363636363636
scale,5,5,5,scale_ladder_random_N5_00005,5,random,ladder,3358509,2779499,5,24,16,40,33,1,9,0,44.672041477376546,1.375,1.0625,0.0,0.3469387755102041
scale,5,5,5,scale_ladder_random_N5_00006,6,random,ladder,5017650,7188238,5,30,27,57,49,3,19,1,61.2930697516634,1.6333333333333333,1.1111111111111112,0.03333333333333333,0.39473684210526316
scale,5,5,5,scale_ladder_random_N5_00007,7,random,ladder,705475,9136621,5,13,25,38,16,3,3,1,63.80047463459026,1.2307692307692308,1.12,0.03571428571428571,0.6829268292682927
scale,5,5,5,scale_ladder_random_N5_00008,8,random,ladder,698956,3403096,5,36,19,55,53,2,17,1,52.83133779642409,1.4722222222222223,1.105263157894737,0.047619047619047616,0.2916666666666667
scale,5,5,5,scale_ladder_random_N5_00009,9,random,ladder,4257950,8654406,5,39,15,54,63,1,24,0,75.58679910088983,1.6153846153846154,1.0666666666666667,0.0,0.20512820512820512
scale,10,10,10,scale_ladder_random_N10_00000,0,random,ladder,9382778,211830,5,90,48,138,144,11,54,9,71.25224502647907,1.6,1.2291666666666667,0.15254237288135594,0.3072916666666667
scale,10,10,10,scale_ladder_random_N10_00001,1,random,ladder,8910606,6897673,5,62,52,114,92,13,30,11,65.70594458874747,1.4838709677419355,1.25,0.16923076923076924,0.4513888888888889
scale,10,10,10,scale_ladder_random_N10_00002,2,random,ladder,5877809,6396567,5,66,58,124,108,20,42,14,77.47165224259581,1.6363636363636365,1.3448275862068966,0.1794871794871795,0.46987951807228917
scale,10,10,10,scale_ladder_random_N10_00003,3,random,ladder,5439433,8889782,5,56,16,72,85,3,29,1,62.991683211339144,1.5178571428571428,1.1875,0.05263157894736842,0.18811881188118812
scale,10,10,10,scale_ladder_random_N10_00004,4,random,ladder,5783182,6980571,5,28,38,66,45,6,17,4,56.88159871835831,1.6071428571428572,1.1578947368421053,0.09090909090909091,0.5301204819277109
scale,10,10,10,scale_ladder_random_N10_00005,5,random,ladder,2891005,4936600,5,32,30,62,44,5,12,4,71.44250022817391,1.375,1.1666666666666667,0.11428571428571428,0.47297297297297297
scale,10,10,10,scale_ladder_random_N10_00006,6,random,ladder,842186,5352727,5,22,14,36,33,3,11,2,87.08546369766887,1.5,1.2142857142857142,0.11764705882352941,0.3617021276595745
scale,10,10,10,scale_ladder_random_N10_00007,7,random,ladder,5559277,3258084,5,56,16,72,83,5,27,3,65.87475347482855,1.4821428571428572,1.3125,0.14285714285714285,0.21212121212121213
scale,10,10,10,scale_ladder_random_N10_00008,8,random,ladder,5181057,7017403,5,84,16,100,114,2,30,1,64.13435920437281,1.3571428571428572,1.125,0.05555555555555555,0.13846153846153847
scale,10,10,10,scale_ladder_random_N10_00009,9,random,ladder,1908802,7334901,5,28,32,60,41,5,13,4,68.02464774303031,1.4642857142857142,1.15625,0.10810810810810811,0.5068493150684932
scale,20,20,20,scale_ladder_random_N20_00000,0,random,ladder,1554205,6606963,5,48,104,152,81,62,33,53,106.72572386837703,1.6875,1.5961538461538463,0.3192771084337349,0.8972972972972973
scale,20,20,20,scale_ladder_random_N20_00001,1,random,ladder,4001070,7365624,5,68,104,172,114,55,46,36,94.19019009366045,1.6764705882352942,1.5288461538461537,0.22641509433962265,0.7293577981651376
scale,20,20,20,scale_ladder_random_N20_00002,2,random,ladder,9579010,5998223,5,100,56,156,142,14,42,12,103.14009474643899,1.42,1.25,0.17142857142857143,0.35353535353535354
scale,20,20,20,scale_ladder_random_N20_00003,3,random,ladder,5238631,3842411,5,156,68,224,263,18,107,10,77.85456510273593,1.685897435897436,1.2647058823529411,0.11627906976744186,0.2598187311178248
scale,20,20,20,scale_ladder_random_N20_00004,4,random,ladder,7940879,3341861,5,40,116,156,49,69,9,48,94.25178842274701,1.225,1.5948275862068966,0.2594594594594595,1.121212121212121
scale,20,20,20,scale_ladder_random_N20_00005,5,random,ladder,8604008,7323988,5,172,72,244,225,19,53,13,93.35657989648898,1.308139534883721,1.2638888888888888,0.14285714285714285,0.3063973063973064
scale,20,20,20,scale_ladder_random_N20_00006,6,random,ladder,233782,6906117,5,44,116,160,59,61,15,46,111.5574316320679,1.3409090909090908,1.5258620689655173,0.2598870056497175,1.0114285714285713
scale,20,20,20,scale_ladder_random_N20_00007,7,random,ladder,6353385,4952075,5,176,104,280,298,51,122,47,78.6854697934757,1.6931818181818181,1.4903846153846154,0.3032258064516129,0.3855721393034826
scale,20,20,20,scale_ladder_random_N20_00008,8,random,ladder,4488198,9515406,5,188,88,276,288,50,100,40,82.96937101998856,1.5319148936170213,1.5681818181818181,0.2898550724637681,0.3670212765957447
scale,20,20,20,scale_ladder_random_N20_00009,9,random,ladder,1490687,9311768,5,120,28,148,185,8,65,5,94.33967422465048,1.5416666666666667,1.2857142857142858,0.1388888888888889,0.16901408450704225
scale,50,50,50,scale_ladder_random_N50_00000,0,random,ladder,968616,4217733,5,110,290,400,149,353,39,297,144.83743984062872,1.3545454545454545,2.217241379310345,0.4618973561430793,1.4646924829157175
scale,50,50,50,scale_ladder_random_N50_00001,1,random,ladder,8944718,9352771,5,340,170,510,419,178,79,108,159.31776097408707,1.2323529411764707,2.0470588235294116,0.3103448275862069,0.5908319185059423
scale,50,50,50,scale_ladder_random_N50_00002,2,random,ladder,6515350,8336900,5,210,170,380,343,323,133,229,150.49053409274356,1.6333333333333333,2.9,0.4645030425963489,0.9610136452241715
scale,50,50,50,scale_ladder_random_N50_00003,3,random,ladder,9922462,2061774,5,280,60,340,344,71,64,70,147.69299586804522,1.2285714285714286,2.183333333333333,0.5343511450381679,0.32425742574257427
scale,50,50,50,scale_ladder_random_N50_00004,4,random,ladder,3243087,909711,5,180,270,450,228,231,48,149,143.86597336459062,1.2666666666666666,1.8555555555555556,0.29740518962075846,1.0060240963855422
scale,50,50,50,scale_ladder_random_N50_00005,5,random,ladder,8815995,6726451,5,420,80,500,552,115,132,79,146.9753031351187,1.3142857142857143,2.4375,0.40512820512820513,0.30854430379746833
scale,50,50,50,scale_ladder_random_N50_00006,6,random,ladder,7439103,2456070,5,380,240,620,617,356,237,316,145.67467738300982,1.6236842105263158,2.4833333333333334,0.5302013422818792,0.6954492415402567
scale,50,50,50,scale_ladder_random_N50_00007,7,random,ladder,8982913,4257341,5,360,260,620,564,452,204,410,163.27078102013667,1.5666666666666667,2.7384615384615385,0.5758426966292135,0.8640776699029126
scale,50,50,50,scale_ladder_random_N50_00008,8,random,ladder,1538112,1726676,5,360,250,610,478,132,118,119,151.0884563020912,1.3277777777777777,1.528,0.31151832460732987,0.5247252747252747
scale,50,50,50,scale_ladder_random_N50_00009,9,random,ladder,1352144,1551330,5,350,220,570,454,317,104,198,138.81368571801193,1.2971428571428572,2.440909090909091,0.3687150837988827,0.7967359050445104
scale,5,5,5,scale_grid_qaoa_N5_00000,0,qaoa,grid,8985826,3815144,5,20,25,45,24,4,4,3,55.567177488084894,1.2,1.16,0.10344827586206896,0.5918367346938775
scale,5,5,5,scale_grid_qaoa_N5_00001,1,qaoa,grid,1428080,9490536,5,38,24,62,53,4,15,3,51.15197285973099,1.394736842105263,1.1666666666666667,0.10714285714285714,0.36363636363636365
scale,5,5,5,scale_grid_qaoa_N5_00002,2,qaoa,grid,2319124,3923227,5,26,28,54,40,2,14,1,66.7792587133927,1.5384615384615385,1.0714285714285714,0.03333333333333333,0.4411764705882353
scale,5,5,5,scale_grid_qaoa_N5_00003,3,qaoa,grid,2801742,1055675,5,20,27,47,32,4,12,3,55.120885918542974,1.6,1.1481481481481481,0.0967741935483871,0.5254237288135594
scale,5,5,5,scale_grid_qaoa_N5_00004,4,qaoa,grid,487510,6354986,5,32,28,60,40,5,8,4,53.956609284366884,1.25,1.1785714285714286,0.12121212121212122,0.4852941176470588
scale,5,5,5,scale_grid_qaoa_N5_00005,5,qaoa,grid,3293331,3764455,5,10,17,27,12,2,2,1,59.241826041817866,1.2,1.1176470588235294,0.05263157894736842,0.6551724137931034
scale,5,5,5,scale_grid_qaoa_N5_00006,6,qaoa,grid,8481209,3175684,5,40,18,58,67,3,27,2,53.89110108431411,1.675,1.1666666666666667,0.09523809523809523,0.24705882352941178
scale,5,5,5,scale_grid_qaoa_N5_00007,7,qaoa,grid,603103,1989968,5,14,26,40,18,4,4,2,71.94531874506444,1.2857142857142858,1.1538461538461537,0.06666666666666667,0.6818181818181818
scale,5,5,5,scale_grid_qaoa_N5_00008,8,qaoa,grid,7437693,5137997,5,40,12,52,60,1,20,0,56.77320161157864,1.5,1.0833333333333333,0.0,0.18055555555555555
scale,5,5,5,scale_grid_qaoa_N5_00009,9,qaoa,grid,7214938,2900737,5,34,27,61,57,1,23,0,57.49166983544953,1.6764705882352942,1.037037037037037,0.0,0.3333333333333333
scale,10,10,10,scale_grid_qaoa_N10_00000,0,qaoa,grid,5418952,4609688,5,44,50,94,64,18,20,15,72.29954447842212,1.4545454545454546,1.36,0.22058823529411764,0.5964912280701754
scale,10,10,10,scale_grid_qaoa_N10_00001,1,qaoa,grid,1750740,863403,5,98,36,134,147,8,49,7,60.91697869034194,1.5,1.2222222222222223,0.1590909090909091,0.24043715846994534
scale,10,10,10,scale_grid_qaoa_N10_00002,2,qaoa,grid,2659083,4113640,5,82,46,128,124,16,42,11,73.0412617066981,1.5121951219512195,1.3478260869565217,0.1774193548387097,0.36470588235294116
scale,10,10,10,scale_grid_qaoa_N10_00003,3,qaoa,grid,8281447,3895958,5,54,50,104,77,16,23,14,72.65898479813848,1.4259259259259258,1.32,0.21212121212121213,0.5196850393700787
scale,10,10,10,scale_grid_qaoa_N10_00004,4,qaoa,grid,7319764,8706483,5,82,30,112,129,5,47,3,87.29891154519835,1.5731707317073171,1.1666666666666667,0.08571428571428572,0.22012578616352202
scale,10,10,10,scale_grid_qaoa_N10_00005,5,qaoa,grid,1599908,2164412,5,72,44,116,104,7,32,6,73.00192162600194,1.4444444444444444,1.1590909090909092,0.11764705882352941,0.34459459459459457
scale,10,10,10,scale_grid_qaoa_N10_00006,6,qaoa,grid,9184536,888036,5,84,56,140,105,15,21,9,71.62669998997532,1.25,1.2678571428571428,0.1267605633802817,0.4409937888198758
scale,10,10,10,scale_grid_qaoa_N10_00007,7,qaoa,grid,2398083,6536295,5,34,28,62,54,7,20,6,61.436934305568506,1.588235294117647,1.25,0.17142857142857143,0.4268292682926829
scale,10,10,10,scale_grid_qaoa_N10_00008,8,qaoa,grid,1649729,1116271,5,88,28,116,119,8,31,7,74.33120534677194,1.3522727272727273,1.2857142857142858,0.19444444444444445,0.24489795918367346
scale,10,10,10,scale_grid_qaoa_N10_00009,9,qaoa,grid,666165,2788363,5,44,26,70,52,6,8,5,81.87044111718977,1.1818181818181819,1.2307692307692308,0.15625,0.41025641025641024
scale,20,20,20,scale_grid_qaoa_N20_00000,0,qaoa,grid,3937270,6739013,5,104,72,176,174,23,70,17,81.125078221979,1.6730769230769231,1.3194444444444444,0.17894736842105263,0.3861788617886179
scale,20,20,20,scale_grid_qaoa_N20_00001,1,qaoa,grid,4742297,3868452,5,112,36,148,155,9,43,7,85.62541699676589,1.3839285714285714,1.25,0.15555555555555556,0.2356020942408377
scale,20,20,20,scale_grid_qaoa_N20_00002,2,qaoa,grid,4101036,9727094,5,188,100,288,242,20,54,12,86.06018636697578,1.2872340425531914,1.2,0.1,0.3508771929824561
scale,20,20,20,scale_grid_qaoa_N20_00003,3,qaoa,grid,8874883,8687479,5,64,32,96,99,16,35,10,85.88173845681081,1.546875,1.5,0.20833333333333334,0.366412213740458
scale,20,20,20,scale_grid_qaoa_N20_00004,4,qaoa,grid,2414802,443031,5,132,24,156,198,13,66,7,100.90274506344261,1.5,1.5416666666666667,0.1891891891891892,0.16666666666666666
scale,20,20,20,scale_grid_qaoa_N20_00005,5,qaoa,grid,5510493,290998,5,84,40,124,135,13,51,10,75.7901543892722,1.6071428571428572,1.325,0.18867924528301888,0.3028571428571429
scale,20,20,20,scale_grid_qaoa_N20_00006,6,qaoa,grid,8333100,6893728,5,168,88,256,206,37,38,34,97.73099941538871,1.2261904761904763,1.4204545454545454,0.272,0.42517006802721086
scale,20,20,20,scale_grid_qaoa_N20_00007,7,qaoa,grid,4835451,4382794,5,104,40,144,165,23,61,14,98.82215782466808,1.5865384615384615,1.575,0.2222222222222222,0.3073170731707317
scale,20,20,20,scale_grid_qaoa_N20_00008,8,qaoa,grid,2326133,7948140,5,192,52,244,249,40,57,33,97.1799030991617,1.296875,1.7692307692307692,0.358695652173913,0.30564784053156147
scale,20,20,20,scale_grid_qaoa_N20_00009,9,qaoa,grid,3415871,1877971,5,112,56,168,147,39,35,29,106.75547393544485,1.3125,1.6964285714285714,0.30526315789473685,0.46798029556650245
scale,50,50,50,scale_grid_qaoa_N50_00000,0,qaoa,grid,3651387,1711672,5,300,140,440,465,266,165,226,150.9990554390241,1.55,2.9,0.5566502463054187,0.6710743801652893
scale,50,50,50,scale_grid_qaoa_N50_00001,1,qaoa,grid,6984297,4024733,5,400,240,640,671,356,271,223,151.45961609713152,1.6775,2.4833333333333334,0.37416107382550334,0.6542261251372119
scale,50,50,50,scale_grid_qaoa_N50_00002,2,qaoa,grid,2238057,4464344,5,310,110,420,512,95,202,66,159.1358462623325,1.6516129032258065,1.8636363636363635,0.32195121951219513,0.3295819935691318
scale,50,50,50,scale_grid_qaoa_N50_00003,3,qaoa,grid,658003,805113,5,220,100,320,317,59,97,36,141.96821049319655,1.440909090909091,1.59,0.22641509433962265,0.381294964028777
scale,50,50,50,scale_grid_qaoa_N50_00004,4,qaoa,grid,6208714,6762126,5,300,80,380,475,77,175,48,157.86969565554995,1.5833333333333333,1.9625,0.3057324840764331,0.2828828828828829
scale,50,50,50,scale_grid_qaoa_N50_00005,5,qaoa,grid,1512760,9851044,5,160,250,410,225,144,65,101,141.08866991398514,1.40625,1.576,0.2563451776649746,0.8294736842105264
scale,50,50,50,scale_grid_qaoa_N50_00006,6,qaoa,grid,7402324,7946232,5,300,220,520,468,157,168,106,137.30310012926893,1.56,1.7136363636363636,0.28116710875331563,0.5479651162790697
scale,50,50,50,scale_grid_qaoa_N50_00007,7,qaoa,grid,688725,9177376,5,420,220,640,591,347,171,220,139.26532322260547,1.4071428571428573,2.577272727272727,0.3880070546737213,0.6991368680641183
scale,50,50,50,scale_grid_qaoa_N50_00008,8,qaoa,grid,2445840,5451973,5,260,280,540,423,188,163,167,151.76441555277225,1.626923076923077,1.6714285714285715,0.35683760683760685,0.6657183499288762
scale,50,50,50,scale_grid_qaoa_N50_00009,9,qaoa,grid,5354552,4525121,5,430,50,480,546,57,116,49,146.32972160916677,1.2697674418604652,2.14,0.45794392523364486,0.17953020134228187
scale,5,5,5,scale_grid_vqe_N5_00000,0,vqe,grid,7370683,2167354,5,19,6,25,27,1,8,0,69.44490972391196,1.4210526315789473,1.1666666666666667,0.0,0.21212121212121213
scale,5,5,5,scale_grid_vqe_N5_00001,1,vqe,grid,3471750,4475156,5,19,7,26,30,0,11,0,53.107709297831434,1.5789473684210527,1.0,0.0,0.1891891891891892
scale,5,5,5,scale_grid_vqe_N5_00002,2,vqe,grid,8678376,6822567,5,29,8,37,42,1,13,0,56.39526595795404,1.4482758620689655,1.125,0.0,0.18
scale,5,5,5,scale_grid_vqe_N5_00003,3,vqe,grid,5071915,443945,5,37,21,58,45,1,8,0,65.11415500929954,1.2162162162162162,1.0476190476190477,0.0,0.3333333333333333
scale,5,5,5,scale_grid_vqe_N5_00004,4,vqe,grid,1274634,2755063,5,44,10,54,62,1,18,0,58.72868558348002,1.4090909090909092,1.1,0.0,0.1527777777777778
scale,5,5,5,scale_grid_vqe_N5_00005,5,vqe,grid,7601748,4463158,5,21,14,35,28,0,7,0,51.228147993783,1.3333333333333333,1.0,0.0,0.3333333333333333
scale,5,5,5,scale_grid_vqe_N5_00006,6,vqe,grid,8468865,1526534,5,18,19,37,29,1,11,0,80.19837891654255,1.6111111111111112,1.0526315789473684,0.0,0.4166666666666667
scale,5,5,5,scale_grid_vqe_N5_00007,7,vqe,grid,371616,1960155,5,25,7,32,41,0,16,0,41.69608868090852,1.64,1.0,0.0,0.14583333333333334
scale,5,5,5,scale_grid_vqe_N5_00008,8,vqe,grid,8661957,6153973,5,10,27,37,16,2,6,1,58.00471326670591,1.6,1.0740740740740742,0.034482758620689655,0.6744186046511628
scale,5,5,5,scale_grid_vqe_N5_00009,9,vqe,grid,4226156,5755892,5,28,13,41,40,2,12,1,48.36810538946361,1.4285714285714286,1.1538461538461537,0.06666666666666667,0.2830188679245283
scale,10,10,10,scale_grid_vqe_N10_00000,0,vqe,grid,4990488,239968,5,60,34,94,101,6,41,5,61.38079621984177,1.6833333333333333,1.1764705882352942,0.125,0.2962962962962963
scale,10,10,10,scale_grid_vqe_N10_00001,1,vqe,grid,3440866,3878363,5,26,58,84,33,20,7,15,73.6354594068736,1.2692307692307692,1.3448275862068966,0.19230769230769232,0.8571428571428571
scale,10,10,10,scale_grid_vqe_N10_00002,2,vqe,grid,5688238,9594731,5,76,26,102,111,8,35,7,66.96338476126004,1.4605263157894737,1.3076923076923077,0.20588235294117646,0.24817518248175183
scale,10,10,10,scale_grid_vqe_N10_00003,3,vqe,grid,8578845,8102873,5,36,50,86,57,8,21,7,50.44723573689899,1.5833333333333333,1.16,0.1206896551724138,0.5420560747663551
scale,10,10,10,scale_grid_vqe_N10_00004,4,vqe,grid,2131018,8210710,5,60,56,116,93,7,33,5,72.49198542735657,1.55,1.125,0.07936507936507936,0.4228187919463087
scale,10,10,10,scale_grid_vqe_N10_00005,5,vqe,grid,5710754,5432019,5,62,42,104,89,14,27,13,74.21473449875903,1.435483870967742,1.3333333333333333,0.23214285714285715,0.42748091603053434
scale,10,10,10,scale_grid_vqe_N10_00006,6,vqe,grid,2650235,4740039,5,50,12,62,77,2,27,1,72.83287871546142,1.54,1.1666666666666667,0.07142857142857142,0.15730337078651685
scale,10,10,10,scale_grid_vqe_N10_00007,7,vqe,grid,7331006,9015828,5,64,14,78,93,4,29,2,67.41095026295923,1.453125,1.2857142857142858,0.1111111111111111,0.16822429906542055
scale,10,10,10,scale_grid_vqe_N10_00008,8,vqe,grid,2148091,3961676,5,88,58,146,134,11,46,10,73.50630099273559,1.5227272727272727,1.1896551724137931,0.14492753623188406,0.359375
scale,10,10,10,scale_grid_vqe_N10_00009,9,vqe,grid,4777402,6934106,5,48,44,92,78,12,30,7,74.89187130147664,1.625,1.2727272727272727,0.125,0.45901639344262296
scale,20,20,20,scale_grid_vqe_N20_00000,0,vqe,grid,6756350,5779277,5,172,112,284,225,47,53,35,87.61721539300417,1.308139534883721,1.4196428571428572,0.22012578616352202,0.47181008902077154
scale,20,20,20,scale_grid_vqe_N20_00001,1,vqe,grid,2822136,515693,5,116,84,200,182,18,66,17,79.86262008584136,1.5689655172413792,1.2142857142857142,0.16666666666666666,0.38345864661654133
scale,20,20,20,scale_grid_vqe_N20_00002,2,vqe,grid,5453174,6124152,5,48,56,104,77,34,29,33,100.03213199739024,1.6041666666666667,1.6071428571428572,0.36666666666666664,0.6766917293233082
scale,20,20,20,scale_grid_vqe_N20_00003,3,vqe,grid,8309411,6859216,5,112,76,188,146,35,34,22,110.5685222073102,1.3035714285714286,1.4605263157894737,0.1981981981981982,0.5
scale,20,20,20,scale_grid_vqe_N20_00004,4,vqe,grid,4319453,4948008,5,156,52,208,223,10,67,7,73.93622994390819,1.4294871794871795,1.1923076923076923,0.11290322580645161,0.22545454545454546
scale,20,20,20,scale_grid_vqe_N20_00005,5,vqe,grid,2414165,7204776,5,52,32,84,85,23,33,16,97.79234034313608,1.6346153846153846,1.71875,0.2909090909090909,0.4700854700854701
scale,20,20,20,scale_grid_vqe_N20_00006,6,vqe,grid,4900164,9909551,5,100,84,184,141,31,41,21,93.53392837596908,1.41,1.369047619047619,0.1826086956521739,0.5111111111111111
scale,20,20,20,scale_grid_vqe_N20_00007,7,vqe,grid,5994376,5289283,5,116,36,152,145,20,29,12,103.93159969089781,1.25,1.5555555555555556,0.21428571428571427,0.30939226519337015
scale,20,20,20,scale_grid_vqe_N20_00008,8,vqe,grid,2234805,4304459,5,176,84,260,295,20,119,12,84.8208734994621,1.6761363636363635,1.2380952380952381,0.11538461538461539,0.27440633245382584
scale,20,20,20,scale_grid_vqe_N20_00009,9,vqe,grid,7960339,2770742,5,96,52,148,123,21,27,14,92.41048477108166,1.28125,1.4038461538461537,0.1917808219178082,0.41714285714285715
scale,50,50,50,scale_grid_vqe_N50_00000,0,vqe,grid,6040502,5547094,5,160,80,240,231,86,71,74,151.23204806784486,1.44375,2.075,0.4457831325301205,0.5337620578778135
scale,50,50,50,scale_grid_vqe_N50_00001,1,vqe,grid,4854042,2471378,5,470,100,570,564,183,94,112,155.51485376040466,1.2,2.83,0.3957597173144876,0.42620481927710846
scale,50,50,50,scale_grid_vqe_N50_00002,2,vqe,grid,4396720,4070028,5,100,290,390,144,289,44,196,134.95279625969,1.44,1.9965517241379311,0.3385146804835924,1.3341013824884793
scale,50,50,50,scale_grid_vqe_N50_00003,3,vqe,grid,8222502,7749972,5,470,210,680,615,107,145,65,157.60055963689604,1.3085106382978724,1.5095238095238095,0.20504731861198738,0.3842424242424242
scale,50,50,50,scale_grid_vqe_N50_00004,4,vqe,grid,9983526,5837196,5,180,280,460,271,176,91,113,151.03544138639393,1.5055555555555555,1.6285714285714286,0.24780701754385964,0.8275862068965517
scale,50,50,50,scale_grid_vqe_N50_00005,5,vqe,grid,192512,3714379,5,200,180,380,253,358,53,254,128.37780779082206,1.265,2.988888888888889,0.4721189591078067,1.2424942263279446
scale,50,50,50,scale_grid_vqe_N50_00006,6,vqe,grid,3900379,3804409,5,170,120,290,225,180,55,156,160.51950405828265,1.3235294117647058,2.5,0.52,0.8695652173913043
scale,50,50,50,scale_grid_vqe_N50_00007,7,vqe,grid,6281646,3998422,5,140,120,260,168,215,28,190,140.2104475389273,1.2,2.7916666666666665,0.5671641791044776,1.1631944444444444
scale,50,50,50,scale_grid_vqe_N50_00008,8,vqe,grid,4204955,5059667,5,290,220,510,444,194,154,178,143.29749978273762,1.5310344827586206,1.8818181818181818,0.42995169082125606,0.6234939759036144
scale,50,50,50,scale_grid_vqe_N50_00009,9,vqe,grid,2593726,6721308,5,420,160,580,578,99,158,96,152.67406982355465,1.3761904761904762,1.61875,0.37065637065637064,0.3509485094850949
scale,5,5,5,scale_grid_random_N5_00000,0,random,grid,4975045,470529,5,19,6,25,28,1,9,0,56.98744764673199,1.4736842105263157,1.1666666666666667,0.0,0.20588235294117646
scale,5,5,5,scale_grid_random_N5_00001,1,random,grid,684029,5337355,5,38,10,48,64,1,26,0,56.826544072713915,1.6842105263157894,1.1,0.0,0.14864864864864866
scale,5,5,5,scale_grid_random_N5_00002,2,random,grid,7576472,1361303,5,44,15,59,65,1,21,0,61.598563919974005,1.4772727272727273,1.0666666666666667,0.0,0.2
scale,5,5,5,scale_grid_random_N5_00003,3,random,grid,8348022,6983604,5,47,25,72,66,3,19,2,49.72324859074042,1.4042553191489362,1.12,0.07142857142857142,0.3076923076923077
scale,5,5,5,scale_grid_random_N5_00004,4,random,grid,719407,2538143,5,47,16,63,75,2,28,1,58.65691258529452,1.5957446808510638,1.125,0.05555555555555555,0.1978021978021978
scale,5,5,5,scale_grid_random_N5_00005,5,random,grid,5193734,8457411,5,45,5,50,65,0,20,0,68.10808273159782,1.4444444444444444,1.0,0.0,0.07142857142857142
scale,5,5,5,scale_grid_random_N5_00006,6,random,grid,3265962,6010334,5,46,28,74,76,4,30,2,36.504716930081344,1.6521739130434783,1.1428571428571428,0.0625,0.3076923076923077
scale,5,5,5,scale_grid_random_N5_00007,7,random,grid,5637025,8072879,5,36,15,51,55,1,19,0,63.34499201778118,1.5277777777777777,1.0666666666666667,0.0,0.22857142857142856
scale,5,5,5,scale_grid_random_N5_00008,8,random,grid,6652346,2846274,5,21,10,31,32,1,11,0,55.26160652929084,1.5238095238095237,1.1,0.0,0.2619047619047619
scale,5,5,5,scale_grid_random_N5_00009,9,random,grid,5446079,376794,5,20,17,37,24,1,4,0,59.855477291217206,1.2,1.0588235294117647,0.0,0.43902439024390244
scale,10,10,10,scale_grid_random_N10_00000,0,random,grid,5798946,7236694,5,30,38,68,37,9,7,8,55.96243354947417,1.2333333333333334,1.236842105263158,0.1702127659574468,0.6266666666666667
scale,10,10,10,scale_grid_random_N10_00001,1,random,grid,6049850,850350,5,30,16,46,44,6,14,3,55.468348537457224,1.4666666666666666,1.375,0.13636363636363635,0.36666666666666664
scale,10,10,10,scale_grid_random_N10_00002,2,random,grid,1581420,786261,5,52,34,86,82,13,30,12,96.32924436929852,1.5769230769230769,1.3823529411764706,0.2553191489361702,0.4051724137931034
scale,10,10,10,scale_grid_random_N10_00003,3,random,grid,5968633,6898046,5,64,46,110,103,9,39,7,51.94394527093233,1.609375,1.1956521739130435,0.12727272727272726,0.3691275167785235
scale,10,10,10,scale_grid_random_N10_00004,4,random,grid,1192931,4889084,5,60,32,92,88,11,28,7,73.2439997178791,1.4666666666666666,1.34375,0.16279069767441862,0.35833333333333334
scale,10,10,10,scale_grid_random_N10_00005,5,random,grid,2181906,8990884,5,52,14,66,78,5,26,4,66.42088909618838,1.5,1.3571428571428572,0.21052631578947367,0.20652173913043478
scale,10,10,10,scale_grid_random_N10_00006,6,random,grid,8152885,9176748,5,96,50,146,156,7,60,6,86.6444025394821,1.625,1.14,0.10526315789473684,0.2766990291262136
scale,10,10,10,scale_grid_random_N10_00007,7,random,grid,5333968,4588727,5,42,52,94,67,7,25,4,85.61906424766106,1.5952380952380953,1.1346153846153846,0.06779661016949153,0.4957983193277311
scale,10,10,10,scale_grid_random_N10_00008,8,random,grid,3070771,1143647,5,58,26,84,96,9,38,5,73.77100393902187,1.6551724137931034,1.3461538461538463,0.14285714285714285,0.28688524590163933
scale,10,10,10,scale_grid_random_N10_00009,9,random,grid,341207,1230746,5,30,54,84,40,11,10,7,69.70737186315021,1.3333333333333333,1.2037037037037037,0.1076923076923077,0.6914893617021277
scale,20,20,20,scale_grid_random_N20_00000,0,random,grid,2381486,6713070,5,80,116,196,125,48,45,45,68.00389281499446,1.5625,1.4137931034482758,0.27439024390243905,0.6804979253112033
scale,20,20,20,scale_grid_random_N20_00001,1,random,grid,7085904,6699744,5,52,44,96,67,34,15,21,72.87560542435686,1.2884615384615385,1.7727272727272727,0.2692307692307692,0.7027027027027027
scale,20,20,20,scale_grid_random_N20_00002,2,random,grid,2582814,3769457,5,164,48,212,269,11,105,8,113.33244404285301,1.6402439024390243,1.2291666666666667,0.13559322033898305,0.1861198738170347
scale,20,20,20,scale_grid_random_N20_00003,3,random,grid,6969129,5910184,5,164,104,268,256,63,92,55,91.92282674399041,1.5609756097560976,1.6057692307692308,0.32934131736526945,0.4638888888888889
scale,20,20,20,scale_grid_random_N20_00004,4,random,grid,5124674,8326435,5,132,28,160,221,9,89,5,84.64386661574588,1.6742424242424243,1.3214285714285714,0.13513513513513514,0.14859437751004015
scale,20,20,20,scale_grid_random_N20_00005,5,random,grid,6932667,9837695,5,136,36,172,172,23,36,20,98.56617104625677,1.2647058823529411,1.6388888888888888,0.3389830508474576,0.28365384615384615
scale,20,20,20,scale_grid_random_N20_00006,6,random,grid,5553535,3678621,5,72,20,92,108,14,36,8,81.79758670551298,1.5,1.7,0.23529411764705882,0.265625
scale,20,20,20,scale_grid_random_N20_00007,7,random,grid,8607009,9373740,5,160,40,200,235,15,75,12,89.75972141919397,1.46875,1.375,0.21818181818181817,0.2
scale,20,20,20,scale_grid_random_N20_00008,8,random,grid,2857281,2274316,5,112,40,152,138,15,26,12,96.59245668432405,1.2321428571428572,1.375,0.21818181818181817,0.3089887640449438
scale,20,20,20,scale_grid_random_N20_00009,9,random,grid,2332214,5081820,5,160,24,184,256,8,96,7,99.37570137626558,1.6,1.3333333333333333,0.21875,0.11428571428571428
scale,50,50,50,scale_grid_random_N50_00000,0,random,grid,1472542,8333648,5,480,250,730,707,440,227,302,164.81238548588803,1.4729166666666667,2.76,0.43768115942028984,0.7210031347962382
scale,50,50,50,scale_grid_random_N50_00001,1,random,grid,9600177,1195885,5,320,140,460,483,193,163,121,145.21422555378533,1.509375,2.3785714285714286,0.3633633633633634,0.5345104333868379
scale,50,50,50,scale_grid_random_N50_00002,2,random,grid,2584182,4363089,5,330,190,520,481,252,151,165,142.6119713126978,1.4575757575757575,2.3263157894736843,0.3733031674208145,0.6587183308494784
scale,50,50,50,scale_grid_random_N50_00003,3,random,grid,6612208,7587676,5,430,150,580,602,136,172,87,158.89916332565167,1.4,1.9066666666666667,0.3041958041958042,0.3803191489361702
scale,50,50,50,scale_grid_random_N50_00004,4,random,grid,5153435,1416842,5,350,220,570,543,201,193,125,158.25098264667633,1.5514285714285714,1.9136363636363636,0.29691211401425177,0.5517693315858454
scale,50,50,50,scale_grid_random_N50_00005,5,random,grid,4079441,5356430,5,100,150,250,162,135,62,97,141.328697842891,1.62,1.9,0.34035087719298246,0.9134615384615384
scale,50,50,50,scale_grid_random_N50_00006,6,random,grid,6985945,9144220,5,220,230,450,305,428,85,421,152.6536234939963,1.3863636363636365,2.860869565217391,0.6398176291793313,1.2299065420560749
scale,50,50,50,scale_grid_random_N50_00007,7,random,grid,9056148,2195690,5,420,290,710,504,451,84,300,144.17241342388417,1.2,2.5551724137931036,0.4048582995951417,0.9332493702770781
scale,50,50,50,scale_grid_random_N50_00008,8,random,grid,2464722,6559442,5,220,90,310,347,175,127,171,139.44612982907512,1.5772727272727274,2.9444444444444446,0.6452830188679245,0.6064073226544623
scale,50,50,50,scale_grid_random_N50_00009,9,random,grid,1722907,2870574,5,210,90,300,289,51,79,50,160.58484543530324,1.3761904761904762,1.5666666666666667,0.3546099290780142,0.3720316622691293
